model,2025-01,2025-02,2025-03,2025-04,2025-05,2025-06,2025-07,2025-08,2025-09,2025-10,2025-11,2025-12,2026-01,2026-02,2026-03,2026-04,2026-05,2026-06,2026-07,2026-08
E1 average of M6 and M11,3.3,3.47,3.12,2.5,1.98,1.78,2.11,2.37,2.15,2.69,3.28,3.35,3.31,3.69,3.19,2.82,3.05,2.11,1.8,1.88
E2 average of M13 and M15,3.28,3.3,3.06,2.55,1.97,1.71,2.1,2.55,2.12,2.65,3.35,3.41,3.34,3.77,3.24,2.83,2.96,2.02,1.82,1.81
H2 historical average,5.1,4.75,4.64,4.59,2.95,3.03,2.49,2.7,2.9,3.19,4.99,4.82,6.39,5.78,6.12,4.77,3.67,2.72,2.28,2.43
"M10 M9, recency-weighted (half-life 90 d)",3.31,3.77,3.25,2.41,2.05,1.82,2.13,2.15,2.71,2.79,3.25,3.31,3.38,3.76,3.22,2.75,3.18,2.35,1.82,1.91
"M11 M9, recency-weighted (half-life 180 d)",3.35,3.73,3.25,2.45,2.03,1.81,2.11,2.2,2.45,2.64,3.25,3.32,3.29,3.69,3.19,2.76,3.19,2.3,1.84,1.92
"M12 M9, last 365 days only",3.39,3.7,3.25,2.49,2.05,1.81,2.1,2.33,2.34,2.54,3.24,3.34,3.24,3.61,3.19,2.77,3.22,2.32,1.86,1.98
"M13 split: days 1-7 M11 features, days 8-14 M6 features (hl 180 d)",3.28,3.36,3.08,2.53,1.97,1.73,2.13,2.49,2.14,2.67,3.32,3.35,3.34,3.73,3.27,2.82,2.98,2.06,1.82,1.82
M14 M11 with historical-average base,3.47,3.64,3.2,2.48,2.06,1.78,2.04,2.24,2.38,2.55,3.33,3.41,3.29,3.75,3.13,2.74,3.19,2.24,1.87,1.9
M15 M6 with historical-average base (hl 180 d),3.3,3.25,3.05,2.58,1.99,1.7,2.07,2.63,2.18,2.65,3.41,3.49,3.38,3.82,3.22,2.84,2.95,2.04,1.84,1.81
M6 LR/day: core with lagged-ensemble NWP,3.29,3.31,3.06,2.58,1.98,1.76,2.12,2.57,2.22,2.77,3.38,3.41,3.37,3.72,3.21,2.9,2.94,2.1,1.87,1.88
M9 LR/day: lagged + biases 14/30/60d,3.39,3.7,3.25,2.51,2.03,1.83,2.09,2.26,2.26,2.56,3.24,3.33,3.22,3.68,3.17,2.78,3.21,2.29,1.87,1.96
N0 raw ECMWF,4.58,4.27,3.59,3.49,2.5,2.34,2.32,2.08,2.24,3.08,3.7,3.88,3.66,4.18,3.28,2.91,3.36,2.36,2.07,2.12
N1 raw lagged-ensemble mean,4.21,4.07,3.43,3.2,2.29,2.19,2.19,1.99,2.12,2.88,3.48,3.62,3.4,3.96,3.22,2.77,3.27,2.07,1.92,2.01
"R1 climatology (calendar LR, 03)",5.13,4.87,4.84,4.36,2.83,3.18,2.69,2.85,2.97,3.21,4.65,4.58,6.44,5.39,6.27,4.85,3.83,2.89,2.29,2.42
R2 station-only LR (04 LR3),4.92,4.71,4.71,4.01,2.74,2.9,2.54,2.59,2.8,3.1,4.63,4.36,6.03,5.24,5.97,4.69,3.76,2.75,2.23,2.38
