month,station - ERA5,station - ECMWF forecast
2015-01-01,-0.106,
2015-02-01,0.019,
2015-03-01,-0.109,
2015-04-01,-0.08,
2015-05-01,-0.116,
2015-06-01,-0.032,
2015-07-01,-0.201,
2015-08-01,-0.276,
2015-09-01,-0.267,
2015-10-01,-0.238,
2015-11-01,-0.284,
2015-12-01,-0.028,
2016-01-01,0.066,
2016-02-01,0.133,
2016-03-01,0.164,
2016-04-01,0.231,
2016-05-01,0.015,
2016-06-01,-0.17,
2016-07-01,0.301,
2016-08-01,0.473,
2016-09-01,0.489,
2016-10-01,-0.184,
2016-11-01,-0.133,
2016-12-01,0.388,
2017-01-01,0.539,
2017-02-01,0.605,
2017-03-01,0.421,
2017-04-01,0.212,
2017-05-01,-0.028,
2017-06-01,-0.068,
2017-07-01,0.296,
2017-08-01,0.369,
2017-09-01,-0.584,
2017-10-01,-0.367,
2017-11-01,-0.563,
2017-12-01,-0.321,
2018-01-01,-0.29,
2018-02-01,-0.193,
2018-03-01,-0.295,
2018-04-01,-0.147,
2018-05-01,-0.195,
2018-06-01,-0.003,
2018-07-01,0.099,
2018-08-01,-0.319,
2018-09-01,-0.483,
2018-10-01,-0.786,
2018-11-01,-0.451,
2018-12-01,-0.417,
2019-01-01,-0.146,
2019-02-01,-0.568,
2019-03-01,-0.413,
2019-04-01,-0.696,
2019-05-01,-0.733,
2019-06-01,-0.375,
2019-07-01,-0.33,
2019-08-01,-0.548,
2019-09-01,-0.037,
2019-10-01,-0.384,
2019-11-01,-0.046,
2019-12-01,0.164,
2020-01-01,-0.067,
2020-02-01,-0.025,
2020-03-01,-0.05,
2020-04-01,-0.286,
2020-05-01,-0.517,
2020-06-01,-0.31,
2020-07-01,-0.36,
2020-08-01,-0.001,
2020-09-01,-0.357,
2020-10-01,-0.415,
2020-11-01,-0.444,
2020-12-01,-0.158,
2021-01-01,-0.321,
2021-02-01,-0.129,
2021-03-01,-0.143,
2021-04-01,-0.615,
2021-05-01,-0.414,
2021-06-01,0.062,
2021-07-01,-0.014,
2021-08-01,-0.056,
2021-09-01,0.138,
2021-10-01,-0.245,
2021-11-01,-0.301,
2021-12-01,-0.007,
2022-01-01,-0.006,
2022-02-01,0.597,
2022-03-01,0.428,
2022-04-01,0.465,
2022-05-01,0.118,
2022-06-01,0.151,
2022-07-01,0.467,
2022-08-01,0.619,
2022-09-01,0.677,
2022-10-01,0.251,
2022-11-01,0.374,
2022-12-01,0.267,
2023-01-01,0.498,
2023-02-01,0.656,
2023-03-01,0.503,
2023-04-01,0.523,
2023-05-01,0.231,
2023-06-01,0.549,
2023-07-01,0.502,
2023-08-01,0.354,
2023-09-01,0.298,
2023-10-01,0.355,
2023-11-01,0.369,
2023-12-01,0.821,
2024-01-01,0.758,
2024-02-01,1.238,
2024-03-01,1.16,1.376
2024-04-01,1.168,1.323
2024-05-01,1.246,1.131
2024-06-01,1.685,1.265
2024-07-01,1.291,1.195
2024-08-01,1.226,1.086
2024-09-01,1.15,0.91
2024-10-01,0.994,0.907
2024-11-01,1.365,1.138
2024-12-01,1.215,1.399
2025-01-01,0.851,1.91
2025-02-01,0.948,1.432
2025-03-01,0.934,1.731
2025-04-01,1.003,1.371
2025-05-01,0.965,0.879
2025-06-01,1.271,1.162
2025-07-01,0.964,0.903
2025-08-01,0.055,-0.121
2025-09-01,0.351,0.13
2025-10-01,0.186,-0.08
2025-11-01,0.264,0.497
2025-12-01,0.221,0.516
2026-01-01,0.166,0.787
2026-02-01,0.141,1.156
2026-03-01,0.361,0.872
2026-04-01,0.578,0.157
2026-05-01,0.514,-0.055
2026-06-01,0.926,-0.117
2026-07-01,0.301,0.047
2026-08-01,0.099,0.263
2026-09-01,,0.282
