station,valid,tmpf,dwpf,relh,drct,sknt,p01i,alti,mslp,vsby,gust,skyc1,skyc2,skyc3,skyc4,skyl1,skyl2,skyl3,skyl4,wxcodes,ice_accretion_1hr,ice_accretion_3hr,ice_accretion_6hr,peak_wind_gust,peak_wind_drct,peak_wind_time,feel,metar,snowdepth
RDU,2026-09-01 00:51,79.00,70.00,74.02,0.00,0.00,0.00,30.10,1018.70,10.00,,BKN,BKN,BKN,BKN,7000.00,8500.00,10000.00,25000.00,,,,,,,,79.00,KRDU 010451Z 00000KT 10SM BKN070 BKN085 BKN100 BKN250 26/21 A3010 RMK AO2 SLP187 T02610211 403560200,
RDU,2026-09-01 01:51,79.00,69.00,71.54,170.00,4.00,0.00,30.10,1018.70,10.00,,FEW,SCT,BKN,BKN,7000.00,9500.00,15000.00,25000.00,,,,,,,,79.00,KRDU 010551Z 17004KT 10SM FEW070 SCT095 BKN150 BKN250 26/21 A3010 RMK AO2 SLP187 T02610206 10306 20256 51003,
RDU,2026-09-01 02:51,79.00,70.00,74.02,210.00,3.00,0.00,30.09,1018.40,10.00,,BKN,BKN,BKN,BKN,7000.00,9500.00,15000.00,25000.00,,,,,,,,79.00,KRDU 010651Z 21003KT 10SM BKN070 BKN095 BKN150 BKN250 26/21 A3009 RMK AO2 SLP184 T02610211,
RDU,2026-09-01 03:51,78.00,71.00,79.14,240.00,4.00,0.00,30.08,1018.00,10.00,,BKN,BKN,BKN,BKN,7000.00,9500.00,12000.00,25000.00,,,,,,,,78.00,KRDU 010751Z 24004KT 10SM BKN070 BKN095 BKN120 BKN250 26/22 A3008 RMK AO2 SLP180 T02560217,
RDU,2026-09-01 04:51,77.00,72.00,84.61,220.00,6.00,0.00,30.07,1017.80,10.00,,FEW,FEW,FEW,,7000.00,9500.00,11000.00,,,,,,,,,77.00,KRDU 010851Z 22006KT 10SM FEW070 FEW095 FEW110 25/22 A3007 RMK AO2 SLP178 T02500222 56009,
RDU,2026-09-01 05:51,76.00,72.00,87.46,230.00,6.00,0.00,30.07,1017.70,10.00,,FEW,,,,9000.00,,,,,,,,,,,76.00,KRDU 010951Z 23006KT 10SM FEW090 24/22 A3007 RMK AO2 SLP177 T02440222,
RDU,2026-09-01 06:51,75.00,72.00,90.42,240.00,3.00,0.00,30.08,1018.00,10.00,,FEW,FEW,,,9000.00,25000.00,,,,,,,,,,75.00,KRDU 011051Z 24003KT 10SM FEW090 FEW250 24/22 A3008 RMK AO2 SLP180 T02390222,
RDU,2026-09-01 07:51,77.00,72.00,84.61,210.00,6.00,0.00,30.09,1018.40,10.00,,FEW,FEW,,,9000.00,25000.00,,,,,,,,,,77.00,KRDU 011151Z 21006KT 10SM FEW090 FEW250 25/22 A3009 RMK AO2 SLP184 T02500222 10267 20239 53006,
RDU,2026-09-01 08:51,80.00,72.00,76.67,260.00,3.00,0.00,30.10,1018.80,10.00,,FEW,,,,25000.00,,,,,,,,,,,83.79,KRDU 011251Z 26003KT 10SM FEW250 27/22 A3010 RMK AO2 SLP188 T02670222,
RDU,2026-09-01 09:51,84.00,72.00,67.36,0.00,0.00,0.00,30.11,1018.90,10.00,,FEW,,,,25000.00,,,,,,,,,,,89.64,KRDU 011351Z 00000KT 10SM FEW250 29/22 A3011 RMK AO2 SLP189 T02890222,
RDU,2026-09-01 10:51,88.00,72.00,59.30,280.00,3.00,0.00,30.11,1018.90,10.00,,FEW,,,,25000.00,,,,,,,,,,,94.83,KRDU 011451Z 28003KT 10SM FEW250 31/22 A3011 RMK AO2 SLP189 T03110222 51004,
RDU,2026-09-01 11:51,91.00,70.00,50.44,0.00,0.00,0.00,30.09,1018.50,10.00,,FEW,,,,25000.00,,,,,,,,,,,96.74,KRDU 011551Z 00000KT 10SM FEW250 33/21 A3009 RMK AO2 SLP185 T03280211,
RDU,2026-09-01 12:51,93.00,68.00,44.27,0.00,0.00,0.00,30.07,1017.70,10.00,,FEW,FEW,,,5000.00,25000.00,,,,,,,,,,97.49,KRDU 011651Z 00000KT 10SM FEW050 FEW250 34/20 A3007 RMK AO2 SLP177 T03390200,
RDU,2026-09-01 13:51,95.00,70.00,44.57,,3.00,0.00,30.06,1017.10,10.00,,SCT,SCT,,,5500.00,25000.00,,,,,,,,,,101.63,KRDU 011751Z VRB03KT 10SM SCT055 SCT250 35/21 A3006 RMK AO2 SLP171 T03500211 10350 20250 57016,
RDU,2026-09-01 14:51,96.00,68.00,40.37,,4.00,0.00,30.05,1016.90,10.00,,SCT,SCT,,,6000.00,25000.00,,,,,,,,,,101.10,KRDU 011851Z VRB04KT 10SM SCT060 SCT250 36/20 A3005 RMK AO2 SLP169 T03560200,
RDU,2026-09-01 15:51,96.00,66.00,37.68,280.00,6.00,0.00,30.03,1016.30,10.00,,SCT,SCT,,,6000.00,25000.00,,,,,,,,,,99.57,KRDU 011951Z 28006KT 10SM SCT060 SCT250 36/19 A3003 RMK AO2 SLP163 T03560189,
RDU,2026-09-01 16:51,97.00,65.00,35.30,280.00,5.00,0.00,30.02,1016.00,10.00,,FEW,SCT,,,6000.00,25000.00,,,,,,,,,,100.06,KRDU 012051Z 28005KT 10SM FEW060 SCT250 36/18 A3002 RMK AO2 SLP160 T03610183 58011,
RDU,2026-09-01 17:51,95.00,67.00,40.21,280.00,4.00,0.00,30.02,1016.00,10.00,,FEW,FEW,,,6000.00,25000.00,,,,,,,,,,99.10,KRDU 012151Z 28004KT 10SM FEW060 FEW250 35/19 A3002 RMK AO2 SLP160 T03500194,
RDU,2026-09-01 18:51,93.00,68.00,44.27,240.00,4.00,0.00,30.02,1015.90,10.00,,FEW,FEW,,,6000.00,25000.00,,,,,,,,,,97.49,KRDU 012251Z 24004KT 10SM FEW060 FEW250 34/20 A3002 RMK AO2 SLP159 T03390200,
RDU,2026-09-01 19:51,90.00,69.00,50.29,240.00,3.00,0.00,30.01,1015.70,10.00,,FEW,FEW,,,6000.00,25000.00,,,,,,,,,,94.73,KRDU 012351Z 24003KT 10SM FEW060 FEW250 32/21 A3001 RMK AO2 SLP157 T03220206 10367 20322 58004,
RDU,2026-09-01 20:51,87.00,70.00,57.19,0.00,0.00,0.00,30.01,1015.60,10.00,,FEW,,,,25000.00,,,,,,,,,,,91.95,KRDU 020051Z 00000KT 10SM FEW250 31/21 A3001 RMK AO2 SLP156 T03060211,
RDU,2026-09-01 21:51,85.00,71.00,63.06,230.00,4.00,0.00,30.03,1016.20,10.00,,FEW,,,,25000.00,,,,,,,,,,,90.24,KRDU 020151Z 23004KT 10SM FEW250 29/22 A3003 RMK AO2 SLP162 T02940217,
RDU,2026-09-01 22:51,84.00,71.00,65.11,220.00,4.00,0.00,30.04,1016.70,10.00,,FEW,,,,25000.00,,,,,,,,,,,88.96,KRDU 020251Z 22004KT 10SM FEW250 29/22 A3004 RMK AO2 SLP167 T02890217 53009,
RDU,2026-09-01 23:51,83.00,71.00,67.24,0.00,0.00,0.00,30.04,1016.60,10.00,,FEW,,,,25000.00,,,,,,,,,,,87.66,KRDU 020351Z 00000KT 10SM FEW250 28/22 A3004 RMK AO2 SLP166 T02830217,
RDU,2026-09-02 00:51,81.00,72.00,74.21,0.00,0.00,0.00,30.05,1016.80,10.00,,CLR,,,,,,,,,,,,,,,85.36,KRDU 020451Z 00000KT 10SM CLR 27/22 A3005 RMK AO2 SLP168 T02720222 403670239,
RDU,2026-09-02 01:51,81.00,72.00,74.21,0.00,0.00,0.00,30.06,1017.20,10.00,,CLR,,,,,,,,,,,,,,,85.36,KRDU 020551Z 00000KT 10SM CLR 27/22 A3006 RMK AO2 SLP172 T02720222 10322 20267 53006,
RDU,2026-09-02 02:51,79.00,73.00,81.93,220.00,4.00,0.00,30.06,1017.20,10.00,,CLR,,,,,,,,,,,,,,,79.00,KRDU 020651Z 22004KT 10SM CLR 26/23 A3006 RMK AO2 SLP172 T02610228,
RDU,2026-09-02 03:51,79.00,73.00,81.93,210.00,6.00,0.00,30.05,1017.00,10.00,,CLR,,,,,,,,,,,,,,,79.00,KRDU 020751Z 21006KT 10SM CLR 26/23 A3005 RMK AO2 SLP170 T02610228,
RDU,2026-09-02 04:51,77.00,73.00,87.51,220.00,5.00,0.00,30.05,1017.00,10.00,,CLR,,,,,,,,,,,,,,,77.00,KRDU 020851Z 22005KT 10SM CLR 25/23 A3005 RMK AO2 SLP170 T02500228 58002,
RDU,2026-09-02 05:51,77.00,72.00,84.61,0.00,0.00,0.00,30.07,1017.60,10.00,,CLR,,,,,,,,,,,,,,,77.00,KRDU 020951Z 00000KT 10SM CLR 25/22 A3007 RMK AO2 SLP176 T02500222,
RDU,2026-09-02 06:51,76.00,73.00,90.46,0.00,0.00,0.00,30.08,1017.90,7.00,,FEW,FEW,,,7500.00,25000.00,,,,,,,,,,76.00,KRDU 021051Z 00000KT 7SM FEW075 FEW250 24/23 A3008 RMK AO2 SLP179 T02440228,
RDU,2026-09-02 07:51,78.00,73.00,84.67,0.00,0.00,0.00,30.08,1018.10,10.00,,FEW,,,,25000.00,,,,,,,,,,,78.00,KRDU 021151Z 00000KT 10SM FEW250 26/23 A3008 RMK AO2 SLP181 T02560228 10272 20244 51010,
RDU,2026-09-02 08:51,82.00,73.00,74.31,340.00,3.00,0.00,30.09,1018.20,10.00,,CLR,,,,,,,,,,,,,,,87.41,KRDU 021251Z 34003KT 10SM CLR 28/23 A3009 RMK AO2 SLP182 T02780228,
RDU,2026-09-02 09:51,87.00,70.00,57.19,20.00,5.00,0.00,30.08,1018.10,10.00,,CLR,,,,,,,,,,,,,,,91.95,KRDU 021351Z 02005KT 10SM CLR 31/21 A3008 RMK AO2 SLP181 T03060211,
RDU,2026-09-02 10:51,91.00,70.00,50.44,80.00,5.00,0.00,30.09,1018.10,10.00,,CLR,,,,,,,,,,,,,,,96.74,KRDU 021451Z 08005KT 10SM CLR 33/21 A3009 RMK AO2 SLP181 T03280211 51001,
RDU,2026-09-02 11:51,93.00,68.00,44.27,0.00,0.00,0.00,30.08,1018.10,10.00,,CLR,,,,,,,,,,,,,,,97.49,KRDU 021551Z 00000KT 10SM CLR 34/20 A3008 RMK AO2 SLP181 T03390200,
RDU,2026-09-02 12:51,96.00,68.00,40.37,100.00,5.00,0.00,30.07,1017.70,10.00,,FEW,,,,6000.00,,,,,,,,,,,101.10,KRDU 021651Z 10005KT 10SM FEW060 36/20 A3007 RMK AO2 SLP177 T03560200,
RDU,2026-09-02 13:51,99.00,67.00,35.61,,3.00,0.00,30.06,1017.20,10.00,,SCT,,,,6500.00,,,,,,,,,,,103.97,KRDU 021751Z VRB03KT 10SM SCT065 37/19 A3006 RMK AO2 SLP172 T03720194 10372 20256 58008,
RDU,2026-09-02 14:51,98.00,66.00,35.45,,3.00,0.00,30.05,1016.80,10.00,,SCT,,,,7000.00,,,,,,,,,,,101.98,KRDU 021851Z VRB03KT 10SM SCT070 37/19 A3005 RMK AO2 SLP168 T03670189,
RDU,2026-09-02 15:51,98.00,65.00,34.24,40.00,7.00,0.00,30.03,1016.30,10.00,,SCT,,,,7000.00,,,,,,,,,,,101.26,KRDU 021951Z 04007KT 10SM SCT070 37/18 A3003 RMK AO2 SLP163 T03670183,
RDU,2026-09-02 16:51,98.00,66.00,35.45,50.00,6.00,0.00,30.02,1015.70,10.00,,FEW,,,,7000.00,,,,,,,,,,,101.98,KRDU 022051Z 05006KT 10SM FEW070 37/19 A3002 RMK AO2 SLP157 T03670189 58015,
RDU,2026-09-02 17:51,97.00,67.00,37.83,40.00,4.00,0.00,30.01,1015.70,10.00,,FEW,,,,7000.00,,,,,,,,,,,101.52,KRDU 022151Z 04004KT 10SM FEW070TCU 36/19 A3001 RMK AO2 SLP157 CB DSNT NE-E TCU S T03610194,
RDU,2026-09-02 18:51,95.00,69.00,43.07,130.00,5.00,0.00,30.02,1015.90,10.00,,FEW,,,,7000.00,,,,,,,,,,,100.73,KRDU 022251Z 13005KT 10SM FEW070 35/21 A3002 RMK AO2 SLP159 CB DSNT NE-E T03500206,
RDU,2026-09-02 19:51,91.00,71.00,52.18,160.00,4.00,0.00,30.02,1015.90,10.00,,FEW,,,,6500.00,,,,,,,,,,,97.64,KRDU 022351Z 16004KT 10SM FEW065TCU 33/22 A3002 RMK AO2 SLP159 CB DSNT NE TCU OHD T03280217 10378 20328 53001,
RDU,2026-09-02 20:51,88.00,70.00,55.41,100.00,12.00,0.00,30.04,1016.80,10.00,25.00,SCT,SCT,,,6500.00,25000.00,,,,,,,,,,93.15,KRDU 030051Z 10012G25KT 10SM SCT065 SCT250 31/21 A3004 RMK AO2 SLP168 CB DSNT E T03110211,
RDU,2026-09-02 21:51,84.00,68.00,58.77,,4.00,0.00,30.04,1016.80,10.00,,SCT,,,,25000.00,,,,,,,,,,,87.20,KRDU 030151Z VRB04KT 10SM SCT250 29/20 A3004 RMK AO2 SLP168 T02890200,
RDU,2026-09-02 22:51,82.00,69.00,64.88,120.00,5.00,0.00,30.04,1016.60,10.00,,FEW,,,,25000.00,,,,,,,,,,,85.36,KRDU 030251Z 12005KT 10SM FEW250 28/21 A3004 RMK AO2 SLP166 T02780206 50008,
RDU,2026-09-02 23:51,81.00,70.00,69.34,0.00,0.00,0.00,30.04,1016.60,10.00,,CLR,,,,,,,,,,,,,,,84.52,KRDU 030351Z 00000KT 10SM CLR 27/21 A3004 RMK AO2 SLP166 T02720211,
RDU,2026-09-03 00:51,80.00,71.00,74.12,130.00,3.00,0.00,30.04,1016.60,10.00,,CLR,,,,,,,,,,,,,,,83.46,KRDU 030451Z 13003KT 10SM CLR 27/22 A3004 RMK AO2 SLP166 T02670217 403780244,
RDU,2026-09-03 01:51,78.00,71.00,79.14,0.00,0.00,0.00,30.04,1016.40,10.00,,CLR,,,,,,,,,,,,,,,78.00,KRDU 030551Z 00000KT 10SM CLR 26/22 A3004 RMK AO2 SLP164 T02560217 10328 20256 58002,
RDU,2026-09-03 02:51,77.00,72.00,84.61,0.00,0.00,0.00,30.03,1016.10,10.00,,CLR,,,,,,,,,,,,,,,77.00,KRDU 030651Z 00000KT 10SM CLR 25/22 A3003 RMK AO2 SLP161 T02500222,
RDU,2026-09-03 03:51,76.00,71.00,84.55,0.00,0.00,0.00,30.03,1016.10,10.00,,CLR,,,,,,,,,,,,,,,76.00,KRDU 030751Z 00000KT 10SM CLR 24/22 A3003 RMK AO2 SLP161 T02440217,
RDU,2026-09-03 04:51,77.00,72.00,84.61,0.00,0.00,0.00,30.04,1016.50,10.00,,CLR,,,,,,,,,,,,,,,77.00,KRDU 030851Z 00000KT 10SM CLR 25/22 A3004 RMK AO2 SLP165 T02500222 53000,
RDU,2026-09-03 05:51,77.00,72.00,84.61,0.00,0.00,0.00,30.04,1016.60,10.00,,CLR,,,,,,,,,,,,,,,77.00,KRDU 030951Z 00000KT 10SM CLR 25/22 A3004 RMK AO2 SLP166 T02500222,
RDU,2026-09-03 06:51,77.00,74.00,90.50,220.00,5.00,0.00,30.05,1017.10,10.00,,CLR,,,,,,,,,,,,,,,77.00,KRDU 031051Z 22005KT 10SM CLR 25/23 A3005 RMK AO2 SLP171 T02500233,
RDU,2026-09-03 07:51,79.00,74.00,84.73,220.00,7.00,0.00,30.07,1017.70,10.00,,FEW,FEW,,,8000.00,25000.00,,,,,,,,,,79.00,KRDU 031151Z 22007KT 10SM FEW080 FEW250 26/23 A3007 RMK AO2 SLP177 T02610233 10261 20239 53011,
RDU,2026-09-03 08:51,82.00,74.00,76.84,260.00,4.00,0.00,30.07,1017.60,10.00,,FEW,,,,25000.00,,,,,,,,,,,88.01,KRDU 031251Z 26004KT 10SM FEW250 28/23 A3007 RMK AO2 SLP176 T02780233,
RDU,2026-09-03 09:51,87.00,73.00,63.31,250.00,3.00,0.00,30.07,1017.50,10.00,,CLR,,,,,,,,,,,,,,,94.46,KRDU 031351Z 25003KT 10SM CLR 31/23 A3007 RMK AO2 SLP175 T03060228,
RDU,2026-09-03 10:51,91.00,72.00,53.98,,4.00,0.00,30.07,1017.60,10.00,,FEW,,,,25000.00,,,,,,,,,,,98.60,KRDU 031451Z VRB04KT 10SM FEW250 33/22 A3007 RMK AO2 SLP176 T03280222 53000,
RDU,2026-09-03 11:51,95.00,71.00,46.11,,3.00,0.00,30.06,1017.30,10.00,,FEW,,,,25000.00,,,,,,,,,,,102.60,KRDU 031551Z VRB03KT 10SM FEW250 35/22 A3006 RMK AO2 SLP173 T03500217,
RDU,2026-09-03 12:51,96.00,69.00,41.78,,3.00,0.00,30.05,1016.90,10.00,,FEW,,,,6000.00,,,,,,,,,,,101.96,KRDU 031651Z VRB03KT 10SM FEW060 36/21 A3005 RMK AO2 SLP169 T03560206,
RDU,2026-09-03 13:51,101.00,69.00,35.92,200.00,6.00,0.00,30.03,1016.20,10.00,,SCT,,,,6500.00,,,,,,,,,,,108.22,KRDU 031751Z 20006KT 10SM SCT065 38/21 A3003 RMK AO2 SLP162 T03830206 10383 20261 58014,
RDU,2026-09-03 14:51,97.00,68.00,39.16,0.00,0.00,0.00,30.02,1015.80,10.00,,SCT,,,,6500.00,,,,,,,,,,,102.33,KRDU 031851Z 00000KT 10SM SCT065 36/20 A3002 RMK AO2 SLP158 T03610200 $,
RDU,2026-09-03 15:51,100.00,68.00,35.76,180.00,7.00,0.00,30.00,1015.20,10.00,,SCT,,,,6500.00,,,,,,,,,,,106.05,KRDU 031951Z 18007KT 10SM SCT065TCU 38/20 A3000 RMK AO2 SLP152 TCU OHD T03780200 $,
RDU,2026-09-03 16:51,97.00,68.00,39.16,180.00,7.00,0.00,29.98,1014.60,10.00,,FEW,,,,6500.00,,,,,,,,,,,102.33,KRDU 032051Z 18007KT 10SM FEW065TCU 36/20 A2998 RMK AO2 SLP146 TCU S T03610200 58015 $,
RDU,2026-09-03 17:51,95.00,71.00,46.11,160.00,9.00,0.0001,29.98,1014.60,10.00,,FEW,,,,6500.00,,,,-RA,,,,,,,102.60,KRDU 032151Z 16009KT 10SM -RA FEW065TCU 35/22 A2998 RMK AO2 RAB50 SLP146 TCU OHD-S P0000 T03500217 $,
RDU,2026-09-03 18:51,84.00,75.00,74.49,120.00,7.00,0.42,29.98,1014.60,10.00,,SCT,,,,8000.00,,,,-RA,,,,45.00,150.00,2026-09-03 18:21,91.98,KRDU 032251Z 12007KT 10SM -RA SCT080 29/24 A2998 RMK AO2 PK WND 15045/2221 TSB06E42 SLP146 P0042 T02890239 $,
RDU,2026-09-03 19:51,83.00,77.00,82.21,170.00,6.00,0.0001,29.98,1014.70,10.00,,FEW,FEW,,,8000.00,25000.00,,,,,,,,,,92.01,KRDU 032351Z 17006KT 10SM FEW080 FEW250 28/25 A2998 RMK AO2 RAE19 SLP147 P0000 60042 T02830250 10383 20272 55000 $,
RDU,2026-09-03 20:51,84.00,75.00,74.49,160.00,5.00,0.00,30.01,1015.60,10.00,,FEW,,,,25000.00,,,,,,,,,,,91.98,KRDU 040051Z 16005KT 10SM FEW250 29/24 A3001 RMK AO2 SLP156 T02890239 $,
RDU,2026-09-03 21:51,83.00,76.00,79.53,180.00,4.00,0.00,30.03,1016.40,10.00,,CLR,,,,,,,,,,,,,,,91.16,KRDU 040151Z 18004KT 10SM CLR 28/24 A3003 RMK AO2 SLP164 T02830244 $,
RDU,2026-09-03 22:51,85.00,74.00,69.77,200.00,8.00,0.00,30.03,1016.40,10.00,15.00,CLR,,,,,,,,,,,,,,,92.62,KRDU 040251Z 20008G15KT 10SM CLR 29/23 A3003 RMK AO2 SLP164 T02940233 51018 $,
RDU,2026-09-03 23:51,83.00,73.00,71.94,210.00,12.00,0.00,30.03,1016.10,10.00,,FEW,,,,25000.00,,,,,,,,,,,88.92,KRDU 040351Z 21012KT 10SM FEW250 28/23 A3003 RMK AO2 SLP161 T02830228 $,
RDU,2026-09-04 00:51,81.00,73.00,76.76,220.00,10.00,0.00,30.04,1016.50,10.00,,FEW,,,,25000.00,,,,,,,,,,,85.82,KRDU 040451Z 22010KT 10SM FEW250 27/23 A3004 RMK AO2 SLP165 T02720228 403830239 $,
RDU,2026-09-04 01:51,80.00,73.00,79.30,230.00,6.00,0.00,30.03,1016.30,10.00,,FEW,,,,25000.00,,,,,,,,,,,84.14,KRDU 040551Z 23006KT 10SM FEW250 27/23 A3003 RMK AO2 SLP163 T02670228 10294 20267 56000 $,
RDU,2026-09-04 02:51,79.00,73.00,81.93,220.00,6.00,0.00,30.01,1015.40,10.00,,FEW,,,,25000.00,,,,,,,,,,,79.00,KRDU 040651Z 22006KT 10SM FEW250 26/23 A3001 RMK AO2 SLP154 T02610228 $,
RDU,2026-09-04 03:51,78.00,73.00,84.67,220.00,8.00,0.00,30.00,1015.10,10.00,,FEW,,,,25000.00,,,,,,,,,,,78.00,KRDU 040751Z 22008KT 10SM FEW250 26/23 A3000 RMK AO2 SLP151 T02560228 $,
RDU,2026-09-04 04:51,77.00,73.00,87.51,230.00,6.00,0.00,30.00,1015.20,10.00,,FEW,,,,25000.00,,,,,,,,,,,77.00,KRDU 040851Z 23006KT 10SM FEW250 25/23 A3000 RMK AO2 SLP152 T02500228 55011 $,
RDU,2026-09-04 05:51,77.00,73.00,87.51,230.00,6.00,0.00,30.02,1015.90,10.00,,CLR,,,,,,,,,,,,,,,77.00,KRDU 040951Z 23006KT 10SM CLR 25/23 A3002 RMK AO2 SLP159 T02500228 $,
RDU,2026-09-04 06:51,76.00,74.00,93.55,220.00,7.00,0.00,30.02,1015.90,10.00,,FEW,,,,25000.00,,,,,,,,,,,76.00,KRDU 041051Z 22007KT 10SM FEW250 24/23 A3002 RMK AO2 SLP159 T02440233 $,
RDU,2026-09-04 07:51,78.00,74.00,87.56,230.00,6.00,0.00,30.03,1016.20,10.00,,CLR,,,,,,,,,,,,,,,78.00,KRDU 041151Z 23006KT 10SM CLR 26/23 A3003 RMK AO2 SLP162 70042 T02560233 10267 20244 51008 $,
RDU,2026-09-04 08:51,81.00,74.00,79.38,230.00,9.00,0.00,30.03,1016.20,10.00,,CLR,,,,,,,,,,,,,,,86.31,KRDU 041251Z 23009KT 10SM CLR 27/23 A3003 RMK AO2 SLP162 T02720233 $,
RDU,2026-09-04 09:51,85.00,74.00,69.77,260.00,6.00,0.00,30.03,1016.20,10.00,,CLR,,,,,,,,,,,,,,,92.62,KRDU 041351Z 26006KT 10SM CLR 29/23 A3003 RMK AO2 SLP162 T02940233 $,
RDU,2026-09-04 10:51,89.00,75.00,63.55,230.00,9.00,0.00,30.02,1016.00,10.00,,CLR,,,,,,,,,,,,,,,99.24,KRDU 041451Z 23009KT 10SM CLR 32/24 A3002 RMK AO2 SLP160 T03170239 58001,
RDU,2026-09-04 11:51,92.00,76.00,59.83,240.00,9.00,0.00,30.02,1015.70,10.00,,CLR,,,,,,,,,,,,,,,104.57,KRDU 041551Z 24009KT 10SM CLR 33/24 A3002 RMK AO2 SLP157 T03330244,
RDU,2026-09-04 12:51,94.00,74.00,52.61,230.00,8.00,0.00,29.99,1014.90,10.00,,FEW,,,,4500.00,,,,,,,,,,,104.64,KRDU 041651Z 23008KT 10SM FEW045 34/23 A2999 RMK AO2 SLP149 T03440233,
RDU,2026-09-04 13:51,97.00,73.00,46.41,220.00,7.00,0.00,29.98,1014.40,10.00,,FEW,,,,5000.00,,,,,,,,,,,107.33,KRDU 041751Z 22007KT 140V260 10SM FEW050 36/23 A2998 RMK AO2 SLP144 T03610228 10361 20256 58017,
RDU,2026-09-04 14:51,99.00,73.00,43.69,200.00,7.00,0.00,29.95,1013.60,10.00,,SCT,,,,5500.00,,,,,,,,,,,109.93,KRDU 041851Z 20007KT 10SM SCT055 37/23 A2995 RMK AO2 SLP136 TCU DSNT NW-N T03720228,
RDU,2026-09-04 15:51,98.00,76.00,49.77,220.00,8.00,0.00,29.93,1012.70,10.00,,SCT,SCT,,,5500.00,25000.00,,,,,,,,,,112.58,KRDU 041951Z 22008KT 10SM SCT055TCU SCT250 37/24 A2993 RMK AO2 SLP127 CB DSNT NW-N TCU OHD-W T03670244,
RDU,2026-09-04 16:51,97.00,72.00,44.87,220.00,11.00,0.00,29.90,1011.90,10.00,,FEW,SCT,,,5500.00,25000.00,,,,,,,,,,106.19,KRDU 042051Z 22011KT 10SM FEW055 SCT250 36/22 A2990 RMK AO2 SLP119 CB DSNT NE AND NW T03610222 58024,
RDU,2026-09-04 17:51,93.00,71.00,49.04,230.00,10.00,0.00,29.91,1012.30,10.00,,FEW,FEW,SCT,,5500.00,10000.00,25000.00,,,,,,,,,100.10,KRDU 042151Z 23010KT 10SM FEW055 FEW100 SCT250 34/22 A2991 RMK AO2 SLP123 CB DSNT NE-E AND NW T03390217,
RDU,2026-09-04 18:51,91.00,72.00,53.98,260.00,4.00,0.00,29.91,1012.10,10.00,,FEW,FEW,SCT,,5500.00,10000.00,25000.00,,,,,,,,,98.60,KRDU 042251Z 26004KT 10SM FEW055 FEW100 SCT250 33/22 A2991 RMK AO2 SLP121 CB DSNT NE-E AND W-NW T03280222,
RDU,2026-09-04 19:51,91.00,72.00,53.98,240.00,9.00,0.00,29.91,1012.30,10.00,,FEW,FEW,BKN,,5500.00,10000.00,25000.00,,,,,,,,,98.60,KRDU 042351Z 24009KT 10SM FEW055 FEW100 BKN250 33/22 A2991 RMK AO2 SLP123 CB DSNT NE-E T03280222 10372 20328 51003,
RDU,2026-09-04 20:51,85.00,68.00,56.92,260.00,6.00,0.00,29.92,1012.70,10.00,,FEW,FEW,SCT,BKN,5500.00,10000.00,17000.00,25000.00,,,,,,,,88.32,KRDU 050051Z 26006KT 10SM FEW055 FEW100 SCT170 BKN250 29/20 A2992 RMK AO2 SLP127 CONS LTGICCA DSNT NE-E CB DSNT NE-E T02940200,
RDU,2026-09-04 21:51,85.00,69.00,58.91,0.00,0.00,0.00,29.97,1014.30,10.00,,FEW,SCT,SCT,BKN,5500.00,7500.00,17000.00,25000.00,,,,,,,,88.91,KRDU 050151Z 00000KT 10SM FEW055TCU SCT075 SCT170 BKN250 29/21 A2997 RMK AO2 SLP143 CONS LTGICCA DSNT E-SE CB DSNT E-SE TCU SW T02940206,
RDU,2026-09-04 22:51,79.00,71.00,76.58,150.00,8.00,0.00,29.98,1014.50,10.00,,FEW,SCT,SCT,BKN,6500.00,7500.00,17000.00,25000.00,,,,,,,,79.00,KRDU 050251Z 15008KT 10SM FEW065 SCT075 SCT170 BKN250 26/22 A2998 RMK AO2 WSHFT 0210 SLP145 CONS LTGICCA DSNT SE CB DSNT SE T02610217 51021,
RDU,2026-09-04 23:51,77.00,72.00,84.61,170.00,6.00,0.00,29.98,1014.60,10.00,,SCT,BKN,,,7500.00,25000.00,,,,,,,,,,77.00,KRDU 050351Z 17006KT 10SM SCT075 BKN250 25/22 A2998 RMK AO2 SLP146 T02500222,
RDU,2026-09-05 00:51,78.00,70.00,76.49,200.00,4.00,0.00,29.97,1014.20,10.00,,BKN,BKN,,,4700.00,25000.00,,,,,,,,,,78.00,KRDU 050451Z 20004KT 10SM BKN047 BKN250 26/21 A2997 RMK AO2 SLP142 T02560211 403720244,
RDU,2026-09-05 01:51,77.00,71.00,81.79,210.00,6.00,0.00,29.95,1013.30,10.00,,FEW,SCT,,,7500.00,9000.00,,,,,,,,,,77.00,KRDU 050551Z 21006KT 10SM FEW075 SCT090 25/22 A2995 RMK AO2 SLP133 T02500217 10328 20250 58010,
RDU,2026-09-05 02:51,77.00,70.00,79.06,230.00,3.00,0.00,29.92,1012.50,10.00,,FEW,FEW,,,7500.00,16000.00,,,,,,,,,,77.00,KRDU 050651Z 23003KT 10SM FEW075 FEW160 25/21 A2992 RMK AO2 SLP125 T02500211,
RDU,2026-09-05 03:51,76.00,70.00,81.72,230.00,4.00,0.00,29.90,1011.80,10.00,,SCT,,,,16000.00,,,,,,,,,,,76.00,KRDU 050751Z 23004KT 10SM SCT160 24/21 A2990 RMK AO2 SLP118 T02440211,
RDU,2026-09-05 04:51,76.00,71.00,84.55,220.00,5.00,0.00,29.88,1011.30,10.00,,CLR,,,,,,,,,,,,,,,76.00,KRDU 050851Z 22005KT 10SM CLR 24/22 A2988 RMK AO2 SLP113 T02440217 56020,
RDU,2026-09-05 05:51,76.00,71.00,84.55,0.00,0.00,0.00,29.87,1011.00,10.00,,CLR,,,,,,,,,,,,,,,76.00,KRDU 050951Z 00000KT 10SM CLR 24/22 A2987 RMK AO2 SLP110 T02440217,
RDU,2026-09-05 06:51,74.00,71.00,90.38,0.00,0.00,0.00,29.89,1011.60,10.00,,FEW,,,,15000.00,,,,,,,,,,,74.00,KRDU 051051Z 00000KT 10SM FEW150 23/22 A2989 RMK AO2 SLP116 T02330217,
RDU,2026-09-05 07:51,76.00,72.00,87.46,230.00,3.00,0.00,29.90,1012.00,10.00,,CLR,,,,,,,,,,,,,,,76.00,KRDU 051151Z 23003KT 10SM CLR 24/22 A2990 RMK AO2 SLP120 T02440222 10250 20233 53006,
RDU,2026-09-05 08:51,80.00,73.00,79.30,270.00,5.00,0.00,29.91,1012.20,10.00,,FEW,,,,25000.00,,,,,,,,,,,84.14,KRDU 051251Z 27005KT 10SM FEW250 27/23 A2991 RMK AO2 SLP122 T02670228,
RDU,2026-09-05 09:51,84.00,73.00,69.67,250.00,6.00,0.00,29.90,1012.10,10.00,,FEW,,,,25000.00,,,,,,,,,,,90.37,KRDU 051351Z 25006KT 10SM FEW250 29/23 A2990 RMK AO2 SLP121 T02890228,
RDU,2026-09-05 10:51,89.00,72.00,57.47,0.00,0.00,0.00,29.91,1012.20,10.00,,FEW,,,,25000.00,,,,,,,,,,,96.09,KRDU 051451Z 00000KT 10SM FEW250 32/22 A2991 RMK AO2 SLP122 T03170222 52002,
RDU,2026-09-05 11:51,92.00,70.00,48.89,,3.00,0.00,29.90,1011.90,10.00,,FEW,FEW,,,5000.00,25000.00,,,,,,,,,,97.95,KRDU 051551Z VRB03KT 10SM FEW050 FEW250 33/21 A2990 RMK AO2 SLP119 T03330211,
RDU,2026-09-05 12:51,94.00,70.00,45.96,280.00,6.00,0.00,29.87,1011.00,10.00,,FEW,FEW,,,5000.00,25000.00,,,,,,,,,,100.40,KRDU 051651Z 28006KT 10SM FEW050 FEW250 34/21 A2987 RMK AO2 SLP110 T03440211,
RDU,2026-09-05 13:51,95.00,69.00,43.07,0.00,0.00,0.00,29.84,1009.80,10.00,,FEW,SCT,BKN,,5500.00,11000.00,25000.00,,,,,,,,,100.73,KRDU 051751Z 00000KT 10SM FEW055TCU SCT110 BKN250 35/21 A2984 RMK AO2 SLP098 TCU W-NW T03500206 10356 20244 58023,
RDU,2026-09-05 14:51,96.00,67.00,39.00,320.00,6.00,0.00,29.81,1008.80,10.00,,SCT,SCT,BKN,,6000.00,8000.00,25000.00,,,,,,,,,100.31,KRDU 051851Z 32006KT 10SM SCT060 SCT080 BKN250 36/19 A2981 RMK AO2 SLP088 TS DSNT NW-N T03560194,
RDU,2026-09-05 15:51,77.00,69.00,76.41,30.00,5.00,0.00,29.84,1010.10,10.00,,SCT,BKN,BKN,,6000.00,8000.00,11000.00,,TS,,,,39.00,360.00,2026-09-05 15:13,77.00,KRDU 051951Z 03005KT 10SM TS SCT060CB BKN080 BKN110 25/21 A2984 RMK AO2 PK WND 36039/1913 TSB07E34B47 SLP101 OCNL LTGICCG SW-W TS SW-W MOV SE T02500206 $,
RDU,2026-09-05 16:51,76.00,72.00,87.46,110.00,5.00,0.03,29.81,1009.10,10.00,,FEW,BKN,BKN,,4000.00,16000.00,21000.00,,,,,,,,,76.00,KRDU 052051Z 11005KT 10SM FEW040 BKN160 BKN210 24/22 A2981 RMK AO2 RAB1957E23 TSE08 SLP091 VC SH S P0003 60003 T02440222 58008 $,
RDU,2026-09-05 17:51,77.00,73.00,87.51,0.00,0.00,0.00,29.83,1009.70,10.00,,FEW,BKN,BKN,,5500.00,16000.00,21000.00,,,,,,,,,77.00,KRDU 052151Z 00000KT 10SM FEW055 BKN160 BKN210 25/23 A2983 RMK AO2 SLP097 T02500228 $,
RDU,2026-09-05 18:51,78.00,73.00,84.67,260.00,3.00,0.00,29.82,1009.30,10.00,,FEW,BKN,,,16000.00,25000.00,,,,,,,,,,78.00,KRDU 052251Z 26003KT 10SM FEW160 BKN250 26/23 A2982 RMK AO2 SLP093 T02560228 $,
RDU,2026-09-05 19:51,78.00,73.00,84.67,0.00,0.00,0.00,29.85,1010.20,10.00,,FEW,BKN,,,8500.00,25000.00,,,,,,,,,,78.00,KRDU 052351Z 00000KT 10SM FEW085 BKN250 26/23 A2985 RMK AO2 SLP102 60003 T02560228 10367 20244 53011 $,
RDU,2026-09-05 20:51,76.00,73.00,90.46,0.00,0.00,0.00,29.87,1011.00,10.00,,SCT,BKN,,,5000.00,25000.00,,,,,,,,,,76.00,KRDU 060051Z 00000KT 10SM SCT050 BKN250 24/23 A2987 RMK AO2 SLP110 T02440228 $,
RDU,2026-09-05 21:51,75.00,73.00,93.52,50.00,6.00,0.00,29.89,1011.40,10.00,,FEW,SCT,,,7000.00,25000.00,,,,,,,,,,75.00,KRDU 060151Z 05006KT 10SM FEW070 SCT250 24/23 A2989 RMK AO2 SLP114 T02390228 $,
RDU,2026-09-05 22:51,77.00,71.00,81.79,80.00,7.00,0.00,29.89,1011.40,10.00,,FEW,BKN,,,7000.00,25000.00,,,,,,,,,,77.00,KRDU 060251Z 08007KT 10SM FEW070 BKN250 25/22 A2989 RMK AO2 SLP114 T02500217 51014 $,
RDU,2026-09-05 23:51,76.00,71.00,84.55,90.00,7.00,0.00,29.88,1011.30,10.00,,FEW,,,,25000.00,,,,,,,,,,,76.00,KRDU 060351Z 09007KT 10SM FEW250 24/22 A2988 RMK AO2 SLP113 T02440217 $,
RDU,2026-09-06 00:51,75.00,70.00,84.49,150.00,3.00,0.00,29.88,1011.20,10.00,,FEW,FEW,,,5000.00,25000.00,,,,,,,,,,75.00,KRDU 060451Z 15003KT 10SM FEW050 FEW250 24/21 A2988 RMK AO2 SLP112 T02390211 403670233 $,
RDU,2026-09-06 01:51,73.00,71.00,93.47,0.00,0.00,0.00,29.87,1010.80,10.00,,CLR,,,,,,,,,,,,,,,73.00,KRDU 060551Z 00000KT 10SM CLR 23/22 A2987 RMK AO2 SLP108 T02280217 10256 20228 58006 $,
RDU,2026-09-06 02:51,71.00,70.00,96.66,40.00,4.00,0.00,29.85,1010.30,10.00,,CLR,,,,,,,,,,,,,,,71.00,KRDU 060651Z 04004KT 10SM CLR 22/21 A2985 RMK AO2 SLP103 T02170211 $,
RDU,2026-09-06 03:51,73.00,71.00,93.47,30.00,8.00,0.00,29.86,1010.60,10.00,,FEW,,,,700.00,,,,,,,,,,,73.00,KRDU 060751Z 03008KT 10SM FEW007 23/22 A2986 RMK AO2 SLP106 T02280217 $,
RDU,2026-09-06 04:51,73.00,71.00,93.47,50.00,8.00,0.00,29.87,1010.80,8.00,,BKN,,,,500.00,,,,,,,,,,,73.00,KRDU 060851Z 05008KT 8SM BKN005 23/22 A2987 RMK AO2 SLP108 T02280217 55000 $,
RDU,2026-09-06 05:51,73.00,71.00,93.47,60.00,5.00,0.00,29.89,1011.60,7.00,,OVC,,,,500.00,,,,,,,,,,,73.00,KRDU 060951Z 06005KT 7SM OVC005 23/22 A2989 RMK AO2 SLP116 T02280217 $,
RDU,2026-09-06 06:51,73.00,70.00,90.34,50.00,6.00,0.00,29.91,1012.40,10.00,,BKN,BKN,OVC,,800.00,1400.00,3100.00,,,,,,,,,73.00,KRDU 061051Z 05006KT 10SM BKN008 BKN014 OVC031 23/21 A2991 RMK AO2 SLP124 T02280211 $,
RDU,2026-09-06 07:51,73.00,70.00,90.34,20.00,8.00,0.00,29.92,1012.80,10.00,,FEW,BKN,BKN,,800.00,3600.00,4700.00,,,,,,,,,73.00,KRDU 061151Z 02008KT 10SM FEW008 BKN036 BKN047 23/21 A2992 RMK AO2 SLP128 70003 T02280211 10228 20217 51020 $,
RDU,2026-09-06 08:51,76.00,70.00,81.72,70.00,7.00,0.00,29.93,1013.00,10.00,,FEW,FEW,SCT,,800.00,3800.00,12000.00,,,,,,,,,76.00,KRDU 061251Z 07007KT 10SM FEW008 FEW038 SCT120 24/21 A2993 RMK AO2 SLP130 T02440211 $,
RDU,2026-09-06 09:51,79.00,70.00,74.02,100.00,4.00,0.00,29.94,1013.30,10.00,,FEW,SCT,SCT,,1600.00,4500.00,12000.00,,,,,,,,,79.00,KRDU 061351Z 10004KT 10SM FEW016 SCT045 SCT120 26/21 A2994 RMK AO2 SLP133 T02610211 $,
RDU,2026-09-06 10:51,81.00,70.00,69.34,70.00,8.00,0.00,29.95,1013.70,10.00,,FEW,SCT,BKN,BKN,2200.00,4500.00,10000.00,25000.00,,,,,,,,84.52,KRDU 061451Z 07008KT 10SM FEW022 SCT045 BKN100 BKN250 27/21 A2995 RMK AO2 SLP137 T02720211 53010 $,
RDU,2026-09-06 11:51,80.00,70.00,71.64,40.00,8.00,0.00,29.95,1013.80,10.00,,SCT,BKN,BKN,,2100.00,3000.00,9000.00,,,,,,,,,83.15,KRDU 061551Z 04008KT 10SM SCT021 BKN030 BKN090 27/21 A2995 RMK AO2 SLP138 T02670211 $,
RDU,2026-09-06 12:51,81.00,70.00,69.34,40.00,6.00,0.00,29.94,1013.30,10.00,,SCT,BKN,BKN,,2300.00,4600.00,9000.00,,,,,,,,,84.52,KRDU 061651Z 04006KT 10SM SCT023 BKN046 BKN090 27/21 A2994 RMK AO2 SLP133 T02720211 $,
RDU,2026-09-06 13:51,81.00,69.00,67.01,40.00,4.00,0.00,29.94,1013.40,10.00,,SCT,BKN,OVC,,2700.00,3300.00,9500.00,,,,,,,,,84.13,KRDU 061751Z 04004KT 10SM SCT027 BKN033 OVC095 27/21 A2994 RMK AO2 SLP134 T02720206 10272 20228 55004 $,
RDU,2026-09-06 14:51,81.00,69.00,67.01,90.00,12.00,0.00,29.93,1013.10,10.00,,BKN,BKN,BKN,,2700.00,5000.00,11000.00,,,,,,,,,84.13,KRDU 061851Z 09012KT 10SM BKN027 BKN050 BKN110 27/21 A2993 RMK AO2 SLP131 T02720206,
RDU,2026-09-06 15:51,79.00,69.00,71.54,60.00,11.00,0.00,29.92,1012.60,10.00,,BKN,BKN,BKN,,2800.00,4400.00,9500.00,,,,,,,,,79.00,KRDU 061951Z 06011KT 10SM BKN028 BKN044 BKN095 26/21 A2992 RMK AO2 SLP126 T02610206,
RDU,2026-09-06 16:51,80.00,65.00,60.30,80.00,11.00,0.00,29.91,1012.50,10.00,,FEW,SCT,BKN,,3900.00,6000.00,11000.00,,,,,,,,,81.84,KRDU 062051Z 08011KT 10SM FEW039 SCT060 BKN110 27/18 A2991 RMK AO2 SLP125 T02670183 56009 $,
RDU,2026-09-06 17:51,79.00,62.00,56.09,90.00,10.00,0.00,29.92,1012.80,10.00,,FEW,SCT,BKN,,6500.00,10000.00,20000.00,,,,,,,,,79.00,KRDU 062151Z 09010KT 10SM FEW065 SCT100 BKN200 26/17 A2992 RMK AO2 SLP128 T02610167 $,
RDU,2026-09-06 18:51,78.00,64.00,62.18,100.00,8.00,0.00,29.93,1013.10,10.00,,FEW,SCT,BKN,,3500.00,11000.00,22000.00,,,,,,,,,78.00,KRDU 062251Z 10008KT 10SM FEW035 SCT110 BKN220 26/18 A2993 RMK AO2 SLP131 T02560178 $,
RDU,2026-09-06 19:51,76.00,65.00,68.79,100.00,5.00,0.00,29.95,1013.70,10.00,,FEW,SCT,BKN,,3300.00,10000.00,25000.00,,,,,,,,,76.00,KRDU 062351Z 10005KT 10SM FEW033 SCT100 BKN250 24/18 A2995 RMK AO2 SLP137 T02440183 10278 20244 53013 $,
RDU,2026-09-06 20:51,74.00,65.00,73.54,100.00,3.00,0.00,29.98,1014.80,10.00,,FEW,BKN,,,6500.00,25000.00,,,,,,,,,,74.00,KRDU 070051Z 10003KT 10SM FEW065 BKN250 23/18 A2998 RMK AO2 SLP148 T02330183 $,
RDU,2026-09-06 21:51,74.00,65.00,73.54,90.00,3.00,0.00,30.00,1015.60,10.00,,SCT,BKN,,,7000.00,25000.00,,,,,,,,,,74.00,KRDU 070151Z 09003KT 10SM SCT070 BKN250 23/18 A3000 RMK AO2 SLP156 T02330183 $,
RDU,2026-09-06 22:51,72.00,65.00,78.66,60.00,3.00,0.00,30.02,1016.00,10.00,,FEW,BKN,,,7000.00,25000.00,,,,,,,,,,72.00,KRDU 070251Z 06003KT 10SM FEW070 BKN250 22/18 A3002 RMK AO2 SLP160 T02220183 51022 $,
RDU,2026-09-06 23:51,71.00,66.00,84.24,0.00,0.00,0.00,30.02,1016.00,10.00,,BKN,,,,11000.00,,,,,,,,,,,71.00,KRDU 070351Z 00000KT 10SM BKN110 22/19 A3002 RMK AO2 SLP160 T02170189 $,
RDU,2026-09-07 00:51,70.00,66.00,87.16,40.00,3.00,0.00,30.02,1016.10,10.00,,FEW,FEW,FEW,,3600.00,4900.00,11000.00,,,,,,,,,70.00,KRDU 070451Z 04003KT 10SM FEW036 FEW049 FEW110 21/19 A3002 RMK AO2 SLP161 T02110189 402780206 $,
RDU,2026-09-07 01:51,70.00,66.00,87.16,50.00,4.00,0.00,30.03,1016.40,10.00,,BKN,,,,11000.00,,,,,,,,,,,70.00,KRDU 070551Z 05004KT 10SM BKN110 21/19 A3003 RMK AO2 SLP164 T02110189 10244 20206 53004 $,
RDU,2026-09-07 02:51,71.00,66.00,84.24,80.00,6.00,0.00,30.03,1016.40,10.00,,SCT,,,,12000.00,,,,,,,,,,,71.00,KRDU 070651Z 08006KT 10SM SCT120 22/19 A3003 RMK AO2 SLP164 T02170189 $,
RDU,2026-09-07 03:51,70.00,64.00,81.29,70.00,4.00,0.00,30.03,1016.50,10.00,,SCT,,,,12000.00,,,,,,,,,,,70.00,KRDU 070751Z 07004KT 10SM SCT120 21/18 A3003 RMK AO2 SLP165 T02110178 $,
RDU,2026-09-07 04:51,68.00,64.00,87.05,0.00,0.00,0.00,30.05,1017.10,10.00,,SCT,,,,11000.00,,,,,,,,,,,68.00,KRDU 070851Z 00000KT 10SM SCT110 20/18 A3005 RMK AO2 SLP171 T02000178 53007 $,
RDU,2026-09-07 05:51,65.00,63.00,93.24,30.00,4.00,0.00,30.07,1017.80,10.00,,SCT,,,,11000.00,,,,,,,,,,,65.00,KRDU 070951Z 03004KT 10SM SCT110 18/17 A3007 RMK AO2 SLP178 T01830172 $,
RDU,2026-09-07 06:51,64.00,62.00,93.22,30.00,4.00,0.00,30.08,1018.10,10.00,,FEW,FEW,,,4000.00,11000.00,,,,,,,,,,64.00,KRDU 071051Z 03004KT 10SM FEW040 FEW110 18/17 A3008 RMK AO2 SLP181 T01780167 $,
RDU,2026-09-07 07:51,68.00,64.00,87.05,30.00,6.00,0.00,30.10,1019.00,10.00,,SCT,,,,11000.00,,,,,,,,,,,68.00,KRDU 071151Z 03006KT 10SM SCT110 20/18 A3010 RMK AO2 SLP190 T02000178 10222 20178 53018 $,
RDU,2026-09-07 08:51,72.00,64.00,75.96,40.00,8.00,0.00,30.13,1019.60,10.00,,SCT,,,,11000.00,,,,,,,,,,,72.00,KRDU 071251Z 04008KT 10SM SCT110 22/18 A3013 RMK AO2 SLP196 T02220178 $,
RDU,2026-09-07 09:51,77.00,63.00,62.06,40.00,12.00,0.00,30.12,1019.60,10.00,,FEW,,,,11000.00,,,,,,,,,,,77.00,KRDU 071351Z 04012KT 10SM FEW110 25/17 A3012 RMK AO2 SLP196 T02500172 $,
RDU,2026-09-07 10:51,80.00,60.00,50.57,40.00,10.00,0.00,30.14,1020.30,10.00,,FEW,FEW,,,4500.00,11000.00,,,,,,,,,,80.86,KRDU 071451Z 04010KT 10SM FEW045 FEW110 27/16 A3014 RMK AO2 SLP203 T02670156 51014 $,
RDU,2026-09-07 11:51,82.00,60.00,47.39,60.00,9.00,0.00,30.15,1020.50,10.00,17.00,FEW,FEW,,,4600.00,11000.00,,,,,,,,,,82.39,KRDU 071551Z 06009G17KT 10SM FEW046 FEW110 28/16 A3015 RMK AO2 SLP205 T02780156 $,
RDU,2026-09-07 12:51,83.00,58.00,42.72,80.00,12.00,0.00,30.15,1020.30,10.00,20.00,SCT,SCT,SCT,,5000.00,11000.00,25000.00,,,,,,,,,82.71,KRDU 071651Z 08012G20KT 10SM SCT050 SCT110 SCT250 28/14 A3015 RMK AO2 SLP203 T02830144 $,
RDU,2026-09-07 13:51,85.00,56.00,37.27,70.00,8.00,0.00,30.13,1019.90,10.00,,SCT,SCT,,,6000.00,25000.00,,,,,,,,,,83.86,KRDU 071751Z COR 07008KT 10SM SCT060 SCT250 29/13 A3013 RMK AO2 SLP199 T02940133 10300 20200 58004 $,
RDU,2026-09-07 14:51,86.00,56.00,36.10,70.00,8.00,0.00,30.12,1019.30,10.00,15.00,SCT,SCT,,,6000.00,25000.00,,,,,,,,,,84.69,KRDU 071851Z 07008G15KT 10SM SCT060 SCT250 30/13 A3012 RMK AO2 SLP193 T03000133 $,
RDU,2026-09-07 15:51,85.00,56.00,37.27,100.00,6.00,0.00,30.10,1018.80,10.00,,SCT,SCT,,,6000.00,25000.00,,,,,,,,,,83.86,KRDU 071951Z 10006KT 10SM SCT060 SCT250 29/13 A3010 RMK AO2 SLP188 T02940133 $,
RDU,2026-09-07 16:51,84.00,55.00,37.11,80.00,7.00,0.00,30.11,1019.10,10.00,,SCT,SCT,,,6000.00,25000.00,,,,,,,,,,82.86,KRDU 072051Z 08007KT 10SM SCT060 SCT250 29/13 A3011 RMK AO2 SLP191 T02890128 55007 $,
RDU,2026-09-07 17:51,85.00,56.00,37.27,100.00,10.00,0.00,30.12,1019.50,10.00,,FEW,SCT,,,6000.00,25000.00,,,,,,,,,,83.86,KRDU 072151Z 10010KT 10SM FEW060 SCT250 29/13 A3012 RMK AO2 SLP195 T02940133 $,
RDU,2026-09-07 18:51,82.00,56.00,41.05,100.00,7.00,0.00,30.13,1019.90,10.00,,FEW,SCT,,,6000.00,25000.00,,,,,,,,,,81.58,KRDU 072251Z 10007KT 10SM FEW060 SCT250 28/13 A3013 RMK AO2 SLP199 T02780133 $,
RDU,2026-09-07 19:51,78.00,57.00,48.50,120.00,4.00,0.00,30.15,1020.50,10.00,,FEW,FEW,,,6000.00,25000.00,,,,,,,,,,78.00,KRDU 072351Z 12004KT 10SM FEW060 FEW250 26/14 A3015 RMK AO2 SLP205 T02560139 10306 20256 53014 $,
RDU,2026-09-07 20:51,75.00,58.00,55.53,110.00,5.00,0.00,30.17,1021.30,10.00,,FEW,FEW,,,6000.00,25000.00,,,,,,,,,,75.00,KRDU 080051Z 11005KT 10SM FEW060 FEW250 24/14 A3017 RMK AO2 SLP213 T02390144 $,
RDU,2026-09-07 21:51,74.00,60.00,61.67,100.00,5.00,0.00,30.19,1021.80,10.00,,CLR,,,,,,,,,,,,,,,74.00,KRDU 080151Z 10005KT 10SM CLR 23/16 A3019 RMK AO2 SLP218 T02330156 $,
RDU,2026-09-07 22:51,73.00,60.00,63.78,100.00,5.00,0.00,30.20,1022.20,10.00,,CLR,,,,,,,,,,,,,,,73.00,KRDU 080251Z 10005KT 10SM CLR 23/16 A3020 RMK AO2 SLP222 T02280156 51016 $,
RDU,2026-09-07 23:51,71.00,60.00,68.23,120.00,6.00,0.00,30.21,1022.70,10.00,,FEW,,,,25000.00,,,,,,,,,,,71.00,KRDU 080351Z 12006KT 10SM FEW250 22/16 A3021 RMK AO2 SLP227 T02170156 $,
RDU,2026-09-08 00:51,70.00,60.00,70.59,130.00,7.00,0.00,30.23,1023.30,10.00,,SCT,,,,25000.00,,,,,,,,,,,70.00,KRDU 080451Z 13007KT 10SM SCT250 21/16 A3023 RMK AO2 SLP233 T02110156 403060178 $,
RDU,2026-09-08 01:51,69.00,60.00,73.05,120.00,6.00,0.00,30.22,1022.90,10.00,,BKN,,,,25000.00,,,,,,,,,,,69.00,KRDU 080551Z 12006KT 10SM BKN250 21/16 A3022 RMK AO2 SLP229 T02060156 10256 20206 50007 $,
RDU,2026-09-08 02:51,69.00,60.00,73.05,90.00,3.00,0.00,30.22,1023.00,10.00,,BKN,,,,25000.00,,,,,,,,,,,69.00,KRDU 080651Z 09003KT 10SM BKN250 21/16 A3022 RMK AO2 SLP230 T02060156 $,
RDU,2026-09-08 03:51,66.00,61.00,83.93,0.00,0.00,0.00,30.24,1023.50,10.00,,FEW,,,,25000.00,,,,,,,,,,,66.00,KRDU 080751Z 00000KT 10SM FEW250 19/16 A3024 RMK AO2 SLP235 T01890161 $,
RDU,2026-09-08 04:51,64.00,60.00,86.84,0.00,0.00,0.00,30.24,1023.40,10.00,,SCT,,,,25000.00,,,,,,,,,,,64.00,KRDU 080851Z 00000KT 10SM SCT250 18/16 A3024 RMK AO2 SLP234 T01780156 50005 $,
RDU,2026-09-08 05:51,63.00,60.00,89.94,0.00,0.00,0.00,30.24,1023.50,10.00,,SCT,,,,25000.00,,,,,,,,,,,63.00,KRDU 080951Z 00000KT 10SM SCT250 17/16 A3024 RMK AO2 SLP235 T01720156 $,
RDU,2026-09-08 06:51,62.00,59.00,89.89,0.00,0.00,0.00,30.26,1024.20,10.00,,BKN,,,,25000.00,,,,,,,,,,,62.00,KRDU 081051Z 00000KT 10SM BKN250 17/15 A3026 RMK AO2 SLP242 T01670150 $,
RDU,2026-09-08 07:51,66.00,63.00,90.06,30.00,3.00,0.00,30.28,1025.10,10.00,,FEW,BKN,,,6000.00,25000.00,,,,,,,,,,66.00,KRDU 081151Z 03003KT 10SM FEW060 BKN250 19/17 A3028 RMK AO2 SLP251 T01890172 10206 20156 53016,
RDU,2026-09-08 08:51,72.00,61.00,68.35,100.00,3.00,0.00,30.29,1025.30,10.00,,FEW,BKN,,,6000.00,25000.00,,,,,,,,,,72.00,KRDU 081251Z 10003KT 10SM FEW060 BKN250 22/16 A3029 RMK AO2 SLP253 T02220161,
RDU,2026-09-08 09:51,75.00,62.00,64.02,120.00,5.00,0.00,30.30,1025.60,10.00,,FEW,BKN,,,6500.00,25000.00,,,,,,,,,,75.00,KRDU 081351Z 12005KT 10SM FEW065 BKN250 24/17 A3030 RMK AO2 SLP256 T02390167,
RDU,2026-09-08 10:51,79.00,60.00,52.25,180.00,4.00,0.00,30.31,1025.90,10.00,,BKN,,,,25000.00,,,,,,,,,,,79.00,KRDU 081451Z 18004KT 10SM BKN250 26/16 A3031 RMK AO2 SLP259 T02610156 52008,
RDU,2026-09-08 11:51,81.00,58.00,45.57,60.00,4.00,0.00,30.31,1025.90,10.00,,FEW,BKN,,,5000.00,25000.00,,,,,,,,,,81.23,KRDU 081551Z 06004KT 10SM FEW050 BKN250 27/14 A3031 RMK AO2 SLP259 T02720144,
RDU,2026-09-08 12:51,83.00,58.00,42.72,0.00,0.00,0.00,30.31,1025.80,10.00,,SCT,BKN,,,5500.00,25000.00,,,,,,,,,,82.71,KRDU 081651Z 00000KT 10SM SCT055 BKN250 28/14 A3031 RMK AO2 SLP258 T02830144,
RDU,2026-09-08 13:51,82.00,57.00,42.56,20.00,7.00,0.00,30.29,1025.20,10.00,,SCT,BKN,,,6000.00,25000.00,,,,,,,,,,81.76,KRDU 081751Z 02007KT 360V060 10SM SCT060 BKN250 28/14 A3029 RMK AO2 SLP252 T02780139 10289 20189 58006,
RDU,2026-09-08 14:51,85.00,57.00,38.64,180.00,5.00,0.00,30.27,1024.60,10.00,,SCT,BKN,,,6000.00,25000.00,,,,,,,,,,84.09,KRDU 081851Z 18005KT 10SM SCT060 BKN250 29/14 A3027 RMK AO2 SLP246 T02940139,
RDU,2026-09-08 15:51,86.00,57.00,37.43,,4.00,0.00,30.25,1024.00,10.00,,SCT,BKN,,,6000.00,25000.00,,,,,,,,,,84.93,KRDU 081951Z VRB04KT 10SM SCT060 BKN250 30/14 A3025 RMK AO2 SLP240 T03000139,
RDU,2026-09-08 16:51,85.00,56.00,37.27,140.00,5.00,0.00,30.24,1023.50,10.00,,FEW,BKN,,,6000.00,25000.00,,,,,,,,,,83.86,KRDU 082051Z 14005KT 10SM FEW060 BKN250 29/13 A3024 RMK AO2 SLP235 T02940133 56017,
RDU,2026-09-08 17:51,85.00,56.00,37.27,,4.00,0.00,30.24,1023.60,10.00,,FEW,BKN,,,6000.00,25000.00,,,,,,,,,,83.86,KRDU 082151Z VRB04KT 10SM FEW060 BKN250 29/13 A3024 RMK AO2 SLP236 T02940133,
RDU,2026-09-08 18:51,82.00,57.00,42.56,60.00,4.00,0.00,30.26,1024.20,10.00,,FEW,BKN,,,6000.00,25000.00,,,,,,,,,,81.76,KRDU 082251Z 06004KT 10SM FEW060 BKN250 28/14 A3026 RMK AO2 SLP242 T02780139,
RDU,2026-09-08 19:51,78.00,59.00,52.11,,5.00,0.00,30.26,1024.40,10.00,,FEW,BKN,,,6000.00,25000.00,,,,,,,,,,78.00,KRDU 082351Z VRB05KT 10SM FEW060 BKN250 26/15 A3026 RMK AO2 SLP244 T02560150 10300 20256 53008,
RDU,2026-09-08 20:51,75.00,59.00,57.55,130.00,4.00,0.00,30.27,1024.50,10.00,,BKN,,,,25000.00,,,,,,,,,,,75.00,KRDU 090051Z 13004KT 10SM BKN250 24/15 A3027 RMK AO2 SLP245 T02390150,
RDU,2026-09-08 21:51,73.00,60.00,63.78,130.00,4.00,0.00,30.28,1024.80,10.00,,BKN,,,,25000.00,,,,,,,,,,,73.00,KRDU 090151Z 13004KT 10SM BKN250 23/16 A3028 RMK AO2 SLP248 T02280156,
RDU,2026-09-08 22:51,72.00,59.00,63.65,130.00,4.00,0.00,30.28,1025.00,10.00,,BKN,,,,25000.00,,,,,,,,,,,72.00,KRDU 090251Z 13004KT 10SM BKN250 22/15 A3028 RMK AO2 SLP250 T02220150 53007,
RDU,2026-09-08 23:51,71.00,59.00,65.84,140.00,4.00,0.00,30.28,1025.10,10.00,,FEW,,,,25000.00,,,,,,,,,,,71.00,KRDU 090351Z 14004KT 10SM FEW250 22/15 A3028 RMK AO2 SLP251 T02170150,
RDU,2026-09-09 00:51,69.00,59.00,70.49,160.00,4.00,0.00,30.28,,10.00,,FEW,,,,25000.00,,,,,,,,,,,69.00,KRDU 090451Z 16004KT 10SM FEW250 21/15 A3028 RMK T02060150,
RDU,2026-09-09 01:51,69.00,60.00,73.05,160.00,4.00,0.00,30.29,,10.00,,FEW,,,,25000.00,,,,,,,,,,,69.00,KRDU 090551Z 16004KT 10SM FEW250 21/16 A3029 RMK T02060156,
RDU,2026-09-09 02:51,67.00,60.00,78.24,0.00,0.00,0.00,30.29,1025.10,10.00,,FEW,,,,25000.00,,,,,,,,,,,67.00,KRDU 090651Z 00000KT 10SM FEW250 19/16 A3029 RMK AO2 SLP251 T01940156,
RDU,2026-09-09 03:51,63.00,60.00,89.94,0.00,0.00,0.00,30.29,1025.10,10.00,,FEW,,,,25000.00,,,,,,,,,,,63.00,KRDU 090751Z 00000KT 10SM FEW250 17/16 A3029 RMK AO2 SLP251 T01720156,
RDU,2026-09-09 04:51,65.00,61.00,86.89,0.00,0.00,0.00,30.29,1025.10,10.00,,FEW,,,,25000.00,,,,,,,,,,,65.00,KRDU 090851Z 00000KT 10SM FEW250 18/16 A3029 RMK AO2 SLP251 T01830161 56002,
RDU,2026-09-09 05:51,63.00,61.00,93.19,0.00,0.00,0.00,30.29,1025.30,10.00,,FEW,,,,25000.00,,,,,,,,,,,63.00,KRDU 090951Z 00000KT 10SM FEW250 17/16 A3029 RMK AO2 SLP253 T01720161 $,
RDU,2026-09-09 06:51,63.00,61.00,93.19,80.00,3.00,0.00,30.31,1025.80,10.00,,FEW,,,,25000.00,,,,,,,,,,,63.00,KRDU 091051Z 08003KT 10SM FEW250 17/16 A3031 RMK AO2 SLP258 T01720161 $,
RDU,2026-09-09 07:51,67.00,62.00,83.99,0.00,0.00,0.00,30.31,1026.00,10.00,,SCT,,,,25000.00,,,,,,,,,,,67.00,KRDU 091151Z 00000KT 10SM SCT250 19/17 A3031 RMK AO2 SLP260 T01940167 10200 20167 52008 $,
RDU,2026-09-09 08:51,73.00,65.00,76.05,0.00,0.00,0.00,30.31,1026.00,10.00,,SCT,,,,25000.00,,,,,,,,,,,73.00,KRDU 091251Z 00000KT 10SM SCT250 23/18 A3031 RMK AO2 SLP260 T02280183 $,
RDU,2026-09-09 09:51,78.00,63.00,60.04,250.00,5.00,0.00,30.31,1025.90,10.00,,SCT,,,,25000.00,,,,,,,,,,,78.00,KRDU 091351Z 25005KT 10SM SCT250 26/17 A3031 RMK AO2 SLP259 T02560172 $,
RDU,2026-09-09 10:51,81.00,62.00,52.55,220.00,6.00,0.00,30.31,1026.10,10.00,,FEW,BKN,,,4000.00,25000.00,,,,,,,,,,82.05,KRDU 091451Z 22006KT 10SM FEW040 BKN250 27/17 A3031 RMK AO2 SLP261 T02720167 53001,
RDU,2026-09-09 11:51,84.00,61.00,46.04,,5.00,0.00,30.30,1025.50,10.00,,FEW,BKN,,,4600.00,25000.00,,,,,,,,,,84.33,KRDU 091551Z VRB05KT 10SM FEW046 BKN250 29/16 A3030 RMK AO2 SLP255 T02890161,
RDU,2026-09-09 12:51,86.00,60.00,41.68,,4.00,0.00,30.27,1024.70,10.00,,FEW,SCT,,,5000.00,25000.00,,,,,,,,,,85.80,KRDU 091651Z VRB04KT 10SM FEW050 SCT250 30/16 A3027 RMK AO2 SLP247 T03000156,
RDU,2026-09-09 13:51,87.00,59.00,38.96,220.00,7.00,0.00,30.25,1023.90,10.00,,FEW,BKN,,,5500.00,25000.00,,,,,,,,,,86.39,KRDU 091751Z COR 22007KT 10SM FEW055 BKN250 31/15 A3025 RMK AO2 SLP239 T03060150 10306 20194 58022,
RDU,2026-09-09 14:51,87.00,58.00,37.59,,3.00,0.00,30.22,1022.80,10.00,,FEW,BKN,,,6000.00,25000.00,,,,,,,,,,86.09,KRDU 091851Z VRB03KT 10SM FEW060 BKN250 31/14 A3022 RMK AO2 SLP228 T03060144,
RDU,2026-09-09 15:51,89.00,57.00,34.04,160.00,3.00,0.00,30.19,1021.90,10.00,,FEW,BKN,,,6000.00,25000.00,,,,,,,,,,87.66,KRDU 091951Z 16003KT 10SM FEW060 BKN250 32/14 A3019 RMK AO2 SLP219 T03170139,
RDU,2026-09-09 16:51,88.00,57.00,35.13,,3.00,0.00,30.17,1021.30,10.00,,FEW,BKN,,,7000.00,25000.00,,,,,,,,,,86.72,KRDU 092051Z VRB03KT 10SM FEW070 BKN250 31/14 A3017 RMK AO2 SLP213 T03110139 56026,
RDU,2026-09-09 17:51,87.00,58.00,37.59,140.00,8.00,0.00,30.16,1020.70,10.00,,FEW,SCT,,,7000.00,25000.00,,,,,,,,,,86.09,KRDU 092151Z 14008KT 10SM FEW070 SCT250 31/14 A3016 RMK AO2 SLP207 T03060144,
RDU,2026-09-09 18:51,85.00,59.00,41.52,150.00,6.00,0.00,30.14,1020.30,10.00,,FEW,SCT,,,7000.00,25000.00,,,,,,,,,,84.61,KRDU 092251Z 15006KT 10SM FEW070 SCT250 29/15 A3014 RMK AO2 SLP203 T02940150,
RDU,2026-09-09 19:51,80.00,60.00,50.57,150.00,6.00,0.00,30.14,1020.30,10.00,,FEW,SCT,,,7000.00,25000.00,,,,,,,,,,80.86,KRDU 092351Z 15006KT 10SM FEW070 SCT250 27/16 A3014 RMK AO2 SLP203 T02670156 10322 20267 56009,
RDU,2026-09-09 20:51,79.00,61.00,54.14,170.00,6.00,0.00,30.15,1020.50,10.00,,FEW,SCT,,,7000.00,25000.00,,,,,,,,,,79.00,KRDU 100051Z 17006KT 10SM FEW070 SCT250 26/16 A3015 RMK AO2 SLP205 T02610161,
RDU,2026-09-09 21:51,78.00,62.00,57.97,180.00,8.00,0.00,30.15,1020.70,10.00,,FEW,,,,25000.00,,,,,,,,,,,78.00,KRDU 100151Z 18008KT 10SM FEW250 26/17 A3015 RMK AO2 SLP207 T02560167,
RDU,2026-09-09 22:51,77.00,62.00,59.91,180.00,7.00,0.00,30.14,1020.10,10.00,,FEW,,,,25000.00,,,,,,,,,,,77.00,KRDU 100251Z 18007KT 10SM FEW250 25/17 A3014 RMK AO2 SLP201 T02500167 58001,
RDU,2026-09-09 23:51,76.00,66.00,71.23,190.00,12.00,0.00,30.14,1019.90,10.00,23.00,SCT,,,,25000.00,,,,,,,,,,,76.00,KRDU 100351Z 19012G23KT 10SM SCT250 24/19 A3014 RMK AO2 SLP199 T02440189,
RDU,2026-09-10 00:51,75.00,68.00,78.90,210.00,9.00,0.00,30.15,1020.30,10.00,,BKN,,,,25000.00,,,,,,,,,,,75.00,KRDU 100451Z 21009KT 10SM BKN250 24/20 A3015 RMK AO2 SLP203 T02390200 403220167,
RDU,2026-09-10 01:51,74.00,68.00,81.58,200.00,9.00,0.00,30.15,1020.20,10.00,,SCT,,,,25000.00,,,,,,,,,,,74.00,KRDU 100551Z 20009KT 10SM SCT250 23/20 A3015 RMK AO2 SLP202 T02330200 10267 20233 53001,
RDU,2026-09-10 02:51,73.00,68.00,84.37,210.00,7.00,0.00,30.13,1019.60,10.00,,FEW,,,,25000.00,,,,,,,,,,,73.00,KRDU 100651Z 21007KT 10SM FEW250 23/20 A3013 RMK AO2 SLP196 T02280200,
RDU,2026-09-10 03:51,73.00,68.00,84.37,210.00,9.00,0.00,30.11,1019.20,10.00,,FEW,,,,20000.00,,,,,,,,,,,73.00,KRDU 100751Z 21009KT 10SM FEW200 23/20 A3011 RMK AO2 SLP192 T02280200,
RDU,2026-09-10 04:51,72.00,69.00,90.30,220.00,8.00,0.00,30.11,1019.10,10.00,,SCT,,,,20000.00,,,,,,,,,,,72.00,KRDU 100851Z 22008KT 10SM SCT200 22/21 A3011 RMK AO2 SLP191 T02220206 56011,
RDU,2026-09-10 05:51,72.00,69.00,90.30,230.00,6.00,0.00,30.10,1018.80,10.00,,SCT,,,,20000.00,,,,,,,,,,,72.00,KRDU 100951Z 23006KT 10SM SCT200 22/21 A3010 RMK AO2 SLP188 T02220206,
RDU,2026-09-10 06:51,71.00,69.00,93.41,220.00,6.00,0.00,30.10,1018.90,10.00,,BKN,,,,25000.00,,,,,,,,,,,71.00,KRDU 101051Z 22006KT 10SM BKN250 22/21 A3010 RMK AO2 SLP189 T02170206,
RDU,2026-09-10 07:51,73.00,69.00,87.31,210.00,9.00,0.00,30.09,1018.50,10.00,,FEW,BKN,,,600.00,25000.00,,,,,,,,,,73.00,KRDU 101151Z 21009KT 10SM FEW006 BKN250 23/21 A3009 RMK AO2 SLP185 T02280206 10233 20217 58007,
RDU,2026-09-10 08:51,76.00,70.00,81.72,230.00,10.00,0.00,30.09,1018.40,10.00,,FEW,BKN,,,1200.00,25000.00,,,,,,,,,,76.00,KRDU 101251Z 23010KT 10SM FEW012 BKN250 24/21 A3009 RMK AO2 SLP184 T02440211,
RDU,2026-09-10 09:51,81.00,70.00,69.34,220.00,10.00,0.00,30.09,1018.20,10.00,,BKN,,,,25000.00,,,,,,,,,,,84.52,KRDU 101351Z 22010KT 10SM BKN250 27/21 A3009 RMK AO2 SLP182 T02720211,
RDU,2026-09-10 10:51,86.00,68.00,55.13,230.00,12.00,0.00,30.08,1018.10,10.00,,BKN,,,,25000.00,,,,,,,,,,,89.44,KRDU 101451Z 23012KT 10SM BKN250 30/20 A3008 RMK AO2 SLP181 T03000200 56003,
RDU,2026-09-10 11:51,89.00,67.00,48.45,250.00,10.00,0.00,30.07,1017.60,10.00,,BKN,,,,25000.00,,,,,,,,,,,92.15,KRDU 101551Z 25010KT 10SM BKN250 32/19 A3007 RMK AO2 SLP176 T03170194,
RDU,2026-09-10 12:51,93.00,66.00,41.31,220.00,10.00,0.00,30.04,1016.80,10.00,20.00,FEW,BKN,,,5500.00,25000.00,,,,,,,,,,96.04,KRDU 101651Z 22010G20KT 10SM FEW055 BKN250 34/19 A3004 RMK AO2 SLP168 T03390189,
RDU,2026-09-10 13:51,94.00,64.00,37.36,250.00,8.00,0.00,30.02,1015.90,10.00,19.00,FEW,BKN,,,5500.00,25000.00,,,,,,,,,,95.92,KRDU 101751Z 25008G19KT 10SM FEW055 BKN250 34/18 A3002 RMK AO2 SLP159 T03440178 10344 20228 58021,
RDU,2026-09-10 14:51,96.00,62.00,32.76,250.00,9.00,0.00,29.99,1015.10,10.00,21.00,FEW,SCT,,,6000.00,25000.00,,,,,,,,,,97.08,KRDU 101851Z 25009G21KT 10SM FEW060 SCT250 36/17 A2999 RMK AO2 SLP151 T03560167,
RDU,2026-09-10 15:51,94.00,61.00,33.62,250.00,10.00,0.00,29.97,1014.20,10.00,17.00,FEW,SCT,,,6000.00,25000.00,,,,,,,,,,94.33,KRDU 101951Z 25010G17KT 10SM FEW060 SCT250 34/16 A2997 RMK AO2 SLP142 T03440161,
RDU,2026-09-10 16:51,94.00,62.00,34.83,230.00,8.00,0.00,29.95,1013.60,10.00,,FEW,SCT,,,6000.00,25000.00,,,,,,,,,,94.82,KRDU 102051Z 23008KT 10SM FEW060 SCT250 34/17 A2995 RMK AO2 SLP136 T03440167 56023,
RDU,2026-09-10 17:51,93.00,65.00,39.90,240.00,8.00,0.00,29.94,1013.40,10.00,16.00,FEW,SCT,,,6000.00,25000.00,,,,,,,,,,95.39,KRDU 102151Z 24008G16KT 10SM FEW060 SCT250 34/18 A2994 RMK AO2 SLP134 T03390183,
RDU,2026-09-10 18:51,90.00,64.00,42.30,240.00,10.00,0.00,29.95,1013.50,10.00,,FEW,SCT,,,6000.00,25000.00,,,,,,,,,,91.48,KRDU 102251Z 24010KT 10SM FEW060 SCT250 32/18 A2995 RMK AO2 SLP135 T03220178,
RDU,2026-09-10 19:51,86.00,66.00,51.46,220.00,8.00,0.00,29.95,1013.60,10.00,,FEW,SCT,,,6000.00,25000.00,,,,,,,,,,88.31,KRDU 102351Z 22008KT 10SM FEW060 SCT250 30/19 A2995 RMK AO2 SLP136 T03000189 10361 20300 55000,
RDU,2026-09-10 20:51,85.00,68.00,56.92,210.00,11.00,0.00,29.96,1014.00,10.00,,BKN,,,,25000.00,,,,,,,,,,,88.32,KRDU 110051Z 21011KT 10SM BKN250 29/20 A2996 RMK AO2 SLP140 T02940200,
RDU,2026-09-10 21:51,83.00,69.00,62.81,210.00,11.00,0.00,29.98,1014.70,10.00,,BKN,,,,25000.00,,,,,,,,,,,86.57,KRDU 110151Z 21011KT 10SM BKN250 28/21 A2998 RMK AO2 SLP147 T02830206,
RDU,2026-09-10 22:51,81.00,71.00,71.74,210.00,8.00,0.00,29.99,1015.00,10.00,,SCT,,,,25000.00,,,,,,,,,,,84.92,KRDU 110251Z 21008KT 10SM SCT250 27/22 A2999 RMK AO2 SLP150 T02720217 52015,
RDU,2026-09-10 23:51,80.00,72.00,76.67,210.00,10.00,0.00,29.99,1014.80,10.00,,FEW,,,,25000.00,,,,,,,,,,,83.79,KRDU 110351Z 21010KT 10SM FEW250 27/22 A2999 RMK AO2 SLP148 T02670222,
RDU,2026-09-11 00:51,79.00,72.00,79.22,220.00,10.00,0.00,29.99,1015.10,10.00,,FEW,,,,25000.00,,,,,,,,,,,79.00,KRDU 110451Z 22010KT 10SM FEW250 26/22 A2999 RMK AO2 SLP151 T02610222 403610217,
RDU,2026-09-11 01:51,77.00,72.00,84.61,230.00,7.00,0.00,29.98,1014.70,10.00,,FEW,,,,25000.00,,,,,,,,,,,77.00,KRDU 110551Z 23007KT 10SM FEW250 25/22 A2998 RMK AO2 SLP147 T02500222 10300 20250 58003 $,
RDU,2026-09-11 02:51,77.00,72.00,84.61,230.00,5.00,0.00,29.97,1014.20,10.00,,BKN,,,,25000.00,,,,,,,,,,,77.00,KRDU 110651Z 23005KT 10SM BKN250 25/22 A2997 RMK AO2 SLP142 T02500222 $,
RDU,2026-09-11 03:51,76.00,73.00,90.46,220.00,6.00,0.00,29.97,1014.30,10.00,,BKN,,,,25000.00,,,,,,,,,,,76.00,KRDU 110751Z 22006KT 10SM BKN250 24/23 A2997 RMK AO2 SLP143 T02440228 $,
RDU,2026-09-11 04:51,75.00,73.00,93.52,230.00,4.00,0.00,29.97,1014.30,10.00,,BKN,,,,25000.00,,,,,,,,,,,75.00,KRDU 110851Z 23004KT 10SM BKN250 24/23 A2997 RMK AO2 SLP143 T02390228 56004 $,
RDU,2026-09-11 05:51,74.00,72.00,93.49,220.00,5.00,0.00,29.98,1014.50,10.00,,BKN,,,,25000.00,,,,,,,,,,,74.00,KRDU 110951Z 22005KT 10SM BKN250 23/22 A2998 RMK AO2 SLP145 T02330222 $,
RDU,2026-09-11 06:51,74.00,72.00,93.49,240.00,5.00,0.00,29.98,1014.70,10.00,,FEW,BKN,,,7500.00,25000.00,,,,,,,,,,74.00,KRDU 111051Z 24005KT 10SM FEW075 BKN250 23/22 A2998 RMK AO2 SLP147 T02330222 $,
RDU,2026-09-11 07:51,76.00,73.00,90.46,240.00,5.00,0.00,29.99,1015.10,10.00,,FEW,SCT,,,7500.00,25000.00,,,,,,,,,,76.00,KRDU 111151Z 24005KT 10SM FEW075 SCT250 24/23 A2999 RMK AO2 SLP151 T02440228 10256 20233 53008 $,
RDU,2026-09-11 08:51,80.00,73.00,79.30,240.00,5.00,0.00,30.01,1015.50,10.00,,FEW,SCT,SCT,,8000.00,13000.00,25000.00,,,,,,,,,84.14,KRDU 111251Z 24005KT 10SM FEW080 SCT130 SCT250 27/23 A3001 RMK AO2 SLP155 T02670228 $,
RDU,2026-09-11 09:51,84.00,71.00,65.11,270.00,5.00,0.00,30.01,1015.60,10.00,,FEW,SCT,,,13000.00,25000.00,,,,,,,,,,88.96,KRDU 111351Z 27005KT 10SM FEW130 SCT250 29/22 A3001 RMK AO2 SLP156 T02890217 $,
RDU,2026-09-11 10:51,88.00,71.00,57.33,250.00,6.00,0.00,30.01,1015.60,10.00,,FEW,FEW,,,13000.00,25000.00,,,,,,,,,,93.96,KRDU 111451Z 25006KT 10SM FEW130 FEW250 31/22 A3001 RMK AO2 SLP156 T03110217 50004,
RDU,2026-09-11 11:51,91.00,68.00,47.10,260.00,6.00,0.00,30.00,1015.30,10.00,,FEW,FEW,FEW,,5000.00,9000.00,25000.00,,,,,,,,,95.13,KRDU 111551Z 26006KT 10SM FEW050 FEW090 FEW250 33/20 A3000 RMK AO2 SLP153 T03280200 $,
RDU,2026-09-11 12:51,92.00,69.00,47.25,300.00,6.00,0.00,29.98,1014.70,10.00,,SCT,SCT,SCT,,5500.00,8000.00,25000.00,,,,,,,,,97.10,KRDU 111651Z 30006KT 10SM SCT055 SCT080 SCT250 33/21 A2998 RMK AO2 SLP147 T03330206 $,
RDU,2026-09-11 13:51,94.00,68.00,42.92,310.00,5.00,0.00,29.96,1014.00,10.00,,SCT,SCT,SCT,,6000.00,8500.00,25000.00,,,,,,,,,98.68,KRDU 111751Z 31005KT 10SM SCT060TCU SCT085 SCT250 34/20 A2996 RMK AO2 SLP140 TCU S-SW T03440200 10344 20244 58016 $,
RDU,2026-09-11 14:51,95.00,62.00,33.77,,3.00,0.00,29.93,1013.10,10.00,,SCT,SCT,,,7000.00,25000.00,,,,,,,,,,95.95,KRDU 111851Z VRB03KT 10SM SCT070 SCT250 35/17 A2993 RMK AO2 SLP131 T03500167 $,
RDU,2026-09-11 15:51,97.00,62.00,31.77,,3.00,0.00,29.90,1011.80,10.00,,SCT,SCT,,,7000.00,25000.00,,,,,,,,,,98.24,KRDU 111951Z VRB03KT 10SM SCT070 SCT250 36/17 A2990 RMK AO2 SLP118 CB DSNT NW-N T03610167 $,
RDU,2026-09-11 16:51,94.00,62.00,34.83,230.00,5.00,0.00,29.90,1011.90,10.00,,SCT,BKN,BKN,,7000.00,12000.00,25000.00,,,,,,,,,94.82,KRDU 112051Z 23005KT 10SM SCT070 BKN120 BKN250 34/17 A2990 RMK AO2 SLP119 CB DSNT NE AND SE-SW T03440167 56020 $,
RDU,2026-09-11 17:51,91.00,67.00,45.51,360.00,7.00,0.00,29.92,1012.70,10.00,,FEW,BKN,BKN,,7000.00,12000.00,25000.00,,,,,,,,,94.42,KRDU 112151Z 36007KT 10SM FEW070 BKN120 BKN250 33/19 A2992 RMK AO2 SLP127 CB DSNT NE AND SE-SW T03280194 $,
RDU,2026-09-11 18:51,88.00,68.00,51.75,30.00,9.00,0.00,29.93,1013.00,10.00,,FEW,BKN,BKN,,6000.00,12000.00,25000.00,,,,,,,,,91.69,KRDU 112251Z 03009KT 10SM FEW060TCU BKN120 BKN250 31/20 A2993 RMK AO2 SLP130 CB DSNT NE AND SE TCU SW-W T03110200 $,
RDU,2026-09-11 19:51,77.00,72.00,84.61,150.00,8.00,0.29,29.96,1014.10,5.00,,SCT,BKN,BKN,,5000.00,12000.00,25000.00,,RA BR,,,,,,,77.00,KRDU 112351Z 15008KT 5SM RA BR SCT050CB BKN120 BKN250 25/22 A2996 RMK AO2 RAB32 SLP141 CB OHD-S MOV SLWLY NE P0029 60029 T02500222 10367 20244 53021 $,
RDU,2026-09-11 20:51,77.00,70.00,79.06,150.00,6.00,0.06,29.97,1014.10,10.00,,SCT,BKN,BKN,,5000.00,11000.00,25000.00,,,,,,,,,77.00,KRDU 120051Z 15006KT 10SM SCT050 BKN110 BKN250 25/21 A2997 RMK AO2 WSHFT 2352 RAE40 TSB00E45 SLP141 OCNL LTGIC DSNT E CB DSNT NE-E P0006 T02500211 $,
RDU,2026-09-11 21:51,74.00,73.00,96.70,50.00,5.00,0.00,29.99,1015.10,10.00,,FEW,SCT,BKN,,5000.00,11000.00,25000.00,,,,,,,,,74.00,KRDU 120151Z 05005KT 10SM FEW050 SCT110 BKN250 23/23 A2999 RMK AO2 SLP151 T02330228 $,
RDU,2026-09-11 22:51,76.00,73.00,90.46,110.00,6.00,0.00,30.00,1015.40,10.00,,FEW,SCT,BKN,,5000.00,11000.00,25000.00,,,,,,,,,76.00,KRDU 120251Z 11006KT 10SM FEW050TCU SCT110 BKN250 24/23 A3000 RMK AO2 SLP154 TCU SW 60006 T02440228 53013 $,
RDU,2026-09-11 23:51,75.00,74.00,96.71,0.00,0.00,0.00,30.02,1016.00,10.00,,SCT,SCT,,,6000.00,25000.00,,,,,,,,,,75.00,KRDU 120351Z 00000KT 10SM SCT060 SCT250 24/23 A3002 RMK AO2 SLP160 T02390233 $,
RDU,2026-09-12 00:51,75.00,73.00,93.52,120.00,5.00,0.00,30.02,1016.00,8.00,,FEW,SCT,,,6000.00,25000.00,,,,,,,,,,75.00,KRDU 120451Z 12005KT 8SM FEW060 SCT250 24/23 A3002 RMK AO2 SLP160 T02390228 403670233 $,
RDU,2026-09-12 01:51,75.00,73.00,93.52,0.00,0.00,0.00,30.00,1015.30,10.00,,SCT,,,,25000.00,,,,,,,,,,,75.00,KRDU 120551Z 00000KT 10SM SCT250 24/23 A3000 RMK AO2 SLP153 60006 T02390228 10256 20233 58001 $,
RDU,2026-09-12 02:51,74.00,73.00,96.70,0.00,0.00,0.00,29.98,1014.80,8.00,,BKN,,,,25000.00,,,,,,,,,,,74.00,KRDU 120651Z 00000KT 8SM BKN250 23/23 A2998 RMK AO2 SLP148 T02330228 $,
RDU,2026-09-12 03:51,74.00,72.00,93.49,10.00,4.00,0.00,29.97,1014.40,7.00,,SCT,,,,25000.00,,,,,,,,,,,74.00,KRDU 120751Z 01004KT 7SM SCT250 23/22 A2997 RMK AO2 SLP144 T02330222 $,
RDU,2026-09-12 04:51,74.00,72.00,93.49,0.00,0.00,0.00,29.99,1014.80,7.00,,SCT,SCT,,,11000.00,25000.00,,,,,,,,,,74.00,KRDU 120851Z 00000KT 7SM SCT110 SCT250 23/22 A2999 RMK AO2 SLP148 T02330222 55005 $,
RDU,2026-09-12 05:51,74.00,73.00,96.70,0.00,0.00,0.00,29.99,1015.10,7.00,,FEW,SCT,BKN,,400.00,1300.00,12000.00,,,,,,,,,74.00,KRDU 120951Z 00000KT 7SM FEW004 SCT013 BKN120 23/23 A2999 RMK AO2 SLP151 T02330228 $,
RDU,2026-09-12 06:51,74.00,73.00,96.70,0.00,0.00,0.00,30.02,1015.90,7.00,,BKN,OVC,,,700.00,1300.00,,,,,,,,,,74.00,KRDU 121051Z 00000KT 7SM BKN007 OVC013 23/23 A3002 RMK AO2 SLP159 T02330228 $,
RDU,2026-09-12 07:51,75.00,73.00,93.52,40.00,3.00,0.00,30.04,1016.70,5.00,,BKN,BKN,BKN,,800.00,1300.00,8000.00,,BR,,,,,,,75.00,KRDU 121151Z 04003KT 5SM BR BKN008 BKN013 BKN080 24/23 A3004 RMK AO2 SLP167 70035 T02390228 10239 20228 53018 $,
RDU,2026-09-12 08:51,77.00,73.00,87.51,0.00,0.00,0.00,30.05,1017.20,8.00,,SCT,BKN,BKN,BKN,800.00,1500.00,8000.00,25000.00,,,,,,,,77.00,KRDU 121251Z 00000KT 8SM SCT008 BKN015 BKN080 BKN250 25/23 A3005 RMK AO2 SLP172 SCT V BKN T02500228 $,
RDU,2026-09-12 09:51,78.00,73.00,84.67,0.00,0.00,0.00,30.05,1017.00,9.00,,FEW,BKN,BKN,BKN,800.00,1100.00,15000.00,25000.00,,,,,,,,78.00,KRDU 121351Z 00000KT 9SM FEW008 BKN011 BKN150 BKN250 26/23 A3005 RMK AO2 SLP170 T02560228,
RDU,2026-09-12 10:51,82.00,73.00,74.31,,3.00,0.00,30.05,1016.90,10.00,,BKN,BKN,BKN,,1700.00,6500.00,15000.00,,,,,,,,,87.41,KRDU 121451Z VRB03KT 10SM BKN017 BKN065 BKN150 28/23 A3005 RMK AO2 SLP169 T02780228 51003,
RDU,2026-09-12 11:51,83.00,74.00,74.40,,3.00,0.00,30.04,1016.70,10.00,,FEW,BKN,BKN,BKN,1700.00,2100.00,7000.00,15000.00,,,,,,,,89.62,KRDU 121551Z VRB03KT 10SM FEW017 BKN021 BKN070 BKN150 28/23 A3004 RMK AO2 SLP167 T02830233,
RDU,2026-09-12 12:51,85.00,73.00,67.47,0.00,0.00,0.00,30.03,1016.40,10.00,,SCT,BKN,BKN,,2100.00,8000.00,20000.00,,,,,,,,,91.77,KRDU 121651Z 00000KT 10SM SCT021 BKN080 BKN200 29/23 A3003 RMK AO2 SLP164 VC SH SE-S T02940228,
RDU,2026-09-12 13:51,78.00,72.00,81.86,120.00,7.00,0.03,30.03,1016.30,10.00,,SCT,BKN,BKN,BKN,3300.00,3800.00,11000.00,15000.00,-RA,,,,,,,78.00,KRDU 121751Z 12007KT 10SM -RA SCT033CB BKN038 BKN110 BKN150 26/22 A3003 RMK AO2 RAB22 SLP163 CB NE-E AND SW TCU DSNT SW P0003 60003 T02560222 10300 20239 58006,
RDU,2026-09-12 14:51,82.00,71.00,69.45,0.00,0.00,0.0001,30.00,1015.30,10.00,,SCT,BKN,,,5500.00,12000.00,,,,,,,,,,86.32,KRDU 121851Z 00000KT 10SM SCT055 BKN120 28/22 A3000 RMK AO2 RAE06 TSB06E32 SLP153 VC SH S P0000 T02780217,
RDU,2026-09-12 15:51,80.00,72.00,76.67,300.00,4.00,0.00,29.97,1014.50,10.00,,FEW,SCT,SCT,BKN,3500.00,4800.00,10000.00,15000.00,,,,,,,,83.79,KRDU 121951Z 30004KT 10SM FEW035 SCT048 SCT100 BKN150 27/22 A2997 RMK AO2 SLP145 VC SH SW-W-NW T02670222 $,
RDU,2026-09-12 16:51,81.00,72.00,74.21,360.00,3.00,0.00,29.96,1014.10,10.00,,SCT,BKN,BKN,,5000.00,7000.00,10000.00,,,,,,,,,85.36,KRDU 122051Z 36003KT 10SM SCT050 BKN070 BKN100 27/22 A2996 RMK AO2 SLP141 VC SH S 60000 T02720222 56022 $,
RDU,2026-09-12 17:51,79.00,75.00,87.61,100.00,6.00,0.08,29.95,1013.80,10.00,,FEW,SCT,BKN,,5000.00,6500.00,9500.00,,,,,,,,,79.00,KRDU 122151Z 10006KT 10SM FEW050 SCT065 BKN095 26/24 A2995 RMK AO2 RAB2056E45 SLP138 P0008 T02610239 $,
RDU,2026-09-12 18:51,78.00,75.00,90.54,130.00,3.00,0.00,29.96,1013.90,10.00,,SCT,BKN,BKN,,4800.00,8000.00,10000.00,,,,,,,,,78.00,KRDU 122251Z 13003KT 10SM SCT048 BKN080 BKN100 26/24 A2996 RMK AO2 SLP139 T02560239 $,
RDU,2026-09-12 19:51,77.00,76.00,96.74,0.00,0.00,0.02,29.96,1014.20,10.00,,SCT,BKN,BKN,,3600.00,7500.00,10000.00,,,,,,,,,77.00,KRDU 122351Z 00000KT 10SM SCT036 BKN075 BKN100 25/24 A2996 RMK AO2 RAB12E39 SLP142 P0002 60010 T02500244 10289 20250 53001 $,
RDU,2026-09-12 20:51,77.00,75.00,93.57,,3.00,0.00,29.99,1014.90,10.00,,SCT,BKN,,,3600.00,18000.00,,,,,,,,,,77.00,KRDU 130051Z VRB03KT 10SM SCT036 BKN180 25/24 A2999 RMK AO2 SLP149 T02500239 $,
RDU,2026-09-12 21:51,76.00,74.00,93.55,150.00,3.00,0.00,29.99,1015.10,10.00,,FEW,BKN,,,4000.00,18000.00,,,,,,,,,,76.00,KRDU 130151Z 15003KT 10SM FEW040 BKN180 24/23 A2999 RMK AO2 SLP151 T02440233 $,
RDU,2026-09-12 22:51,77.00,73.00,87.51,0.00,0.00,0.00,29.99,1014.80,10.00,,FEW,SCT,BKN,,4000.00,10000.00,18000.00,,,,,,,,,77.00,KRDU 130251Z 00000KT 10SM FEW040 SCT100 BKN180 25/23 A2999 RMK AO2 SLP148 T02500228 50007 $,
RDU,2026-09-12 23:51,77.00,73.00,87.51,170.00,7.00,0.00,29.99,1014.90,10.00,,SCT,BKN,,,16000.00,23000.00,,,,,,,,,,77.00,KRDU 130351Z 17007KT 10SM SCT160 BKN230 25/23 A2999 RMK AO2 SLP149 T02500228 $,
RDU,2026-09-13 00:51,77.00,73.00,87.51,170.00,5.00,0.00,29.99,1015.10,10.00,,SCT,BKN,,,12000.00,20000.00,,,,,,,,,,77.00,KRDU 130451Z 17005KT 10SM SCT120 BKN200 25/23 A2999 RMK AO2 SLP151 T02500228 403000228 $,
RDU,2026-09-13 01:51,76.00,74.00,93.55,250.00,7.00,0.10,29.99,1015.20,3.00,,BKN,OVC,,,1500.00,4200.00,,,RA BR,,,,,,,76.00,KRDU 130551Z 25007KT 3SM RA BR BKN015 OVC042 24/23 A2999 RMK AO2 RAB0455 SLP152 CB DSNT N P0010 60010 T02440233 10250 20244 51003 $,
RDU,2026-09-13 02:51,75.00,73.00,93.52,210.00,7.00,0.07,29.97,1014.20,10.00,,BKN,BKN,BKN,OVC,800.00,1700.00,5000.00,15000.00,,,,,,,,75.00,KRDU 130651Z 21007KT 10SM BKN008 BKN017 BKN050 OVC150 24/23 A2997 RMK AO2 RAE47 SLP142 P0007 T02390228 $,
RDU,2026-09-13 03:51,75.00,74.00,96.71,190.00,6.00,0.0001,29.96,1014.00,10.00,,BKN,BKN,BKN,,800.00,5500.00,10000.00,,,,,,,,,75.00,KRDU 130751Z 19006KT 10SM BKN008 BKN055 BKN100 24/23 A2996 RMK AO2 RAB03E29 SLP140 P0000 T02390233 $,
RDU,2026-09-13 04:51,75.00,74.00,96.71,200.00,5.00,0.00,29.96,1014.00,10.00,,SCT,BKN,OVC,,400.00,1800.00,3600.00,,,,,,,,,75.00,KRDU 130851Z 20005KT 10SM SCT004 BKN018 OVC036 24/23 A2996 RMK AO2 SLP140 60007 T02390233 56012 $,
RDU,2026-09-13 05:51,75.00,74.00,96.71,220.00,7.00,0.17,29.96,1014.10,10.00,,BKN,OVC,,,600.00,1000.00,,,,,,,,,,75.00,KRDU 130951Z 22007KT 10SM BKN006 OVC010 24/23 A2996 RMK AO2 RAB05RAEMM SLP141 P0017 T02390233 $,
RDU,2026-09-13 06:51,75.00,73.00,93.52,210.00,7.00,0.00,29.95,1013.90,10.00,,BKN,OVC,,,700.00,1300.00,,,,,,,,,,75.00,KRDU 131051Z 21007KT 10SM BKN007 OVC013 24/23 A2995 RMK AO2 SLP139 T02390228 $,
RDU,2026-09-13 07:51,75.00,74.00,96.71,210.00,7.00,0.00,29.98,1014.60,10.00,,BKN,OVC,,,800.00,1200.00,,,,,,,,,,75.00,KRDU 131151Z 21007KT 10SM BKN008 OVC012 24/23 A2998 RMK AO2 SLP146 60024 70047 T02390233 10244 20239 53006 $,
RDU,2026-09-13 08:51,76.00,74.00,93.55,250.00,6.00,0.00,29.99,1015.00,10.00,,BKN,OVC,,,700.00,4200.00,,,,,,,,,,76.00,KRDU 131251Z 25006KT 10SM BKN007 OVC042 24/23 A2999 RMK AO2 SLP150 T02440233 $,
RDU,2026-09-13 09:51,78.00,74.00,87.56,230.00,6.00,0.00,30.00,1015.40,10.00,,SCT,BKN,BKN,,700.00,2000.00,4200.00,,,,,,,,,78.00,KRDU 131351Z 23006KT 10SM SCT007 BKN020 BKN042 26/23 A3000 RMK AO2 SLP154 T02560233 $,
RDU,2026-09-13 10:51,79.00,74.00,84.73,270.00,7.00,0.00,30.00,1015.50,10.00,,FEW,BKN,BKN,,1300.00,2800.00,3300.00,,,,,,,,,79.00,KRDU 131451Z 27007KT 10SM FEW013 BKN028 BKN033 26/23 A3000 RMK AO2 SLP155 T02610233 51009 $,
RDU,2026-09-13 11:51,81.00,73.00,76.76,250.00,5.00,0.00,29.99,1015.10,10.00,,BKN,BKN,BKN,,1900.00,3000.00,25000.00,,,,,,,,,85.82,KRDU 131551Z 25005KT 10SM BKN019 BKN030 BKN250 27/23 A2999 RMK AO2 SLP151 T02720228 $,
RDU,2026-09-13 12:51,83.00,73.00,71.94,250.00,4.00,0.00,29.98,1014.50,10.00,,SCT,BKN,BKN,BKN,2900.00,3500.00,4200.00,25000.00,,,,,,,,88.92,KRDU 131651Z 25004KT 10SM SCT029 BKN035 BKN042 BKN250 28/23 A2998 RMK AO2 SLP145 T02830228 $,
RDU,2026-09-13 13:51,86.00,71.00,61.08,290.00,7.00,0.00,29.96,1014.10,10.00,,FEW,BKN,BKN,,3400.00,4400.00,25000.00,,,,,,,,,91.49,KRDU 131751Z 29007KT 10SM FEW034 BKN044 BKN250 30/22 A2996 RMK AO2 SLP141 T03000217 10306 20239 58013 $,
RDU,2026-09-13 14:51,87.00,70.00,57.19,270.00,5.00,0.00,29.94,1013.20,10.00,,BKN,BKN,,,3700.00,25000.00,,,,,,,,,,91.95,KRDU 131851Z 27005KT 10SM BKN037 BKN250 31/21 A2994 RMK AO2 SLP132 T03060211 $,
RDU,2026-09-13 15:51,88.00,71.00,57.33,290.00,6.00,0.00,29.92,1012.50,10.00,,SCT,BKN,BKN,,4400.00,6000.00,25000.00,,,,,,,,,93.96,KRDU 131951Z 29006KT 10SM SCT044 BKN060 BKN250 31/22 A2992 RMK AO2 SLP125 T03110217 $,
RDU,2026-09-13 16:51,90.00,70.00,52.04,240.00,5.00,0.00,29.91,1012.40,10.00,,SCT,SCT,,,4500.00,25000.00,,,,,,,,,,95.54,KRDU 132051Z 24005KT 10SM SCT045 SCT250 32/21 A2991 RMK AO2 SLP124 T03220211 56017 $,
RDU,2026-09-13 17:51,89.00,70.00,53.70,260.00,5.00,0.00,29.92,1012.50,10.00,,SCT,SCT,,,6000.00,25000.00,,,,,,,,,,94.34,KRDU 132151Z 26005KT 10SM SCT060 SCT250 32/21 A2992 RMK AO2 SLP125 T03170211 $,
RDU,2026-09-13 18:51,87.00,70.00,57.19,290.00,4.00,0.00,29.93,1012.90,10.00,,FEW,SCT,,,8500.00,25000.00,,,,,,,,,,91.95,KRDU 132251Z 29004KT 10SM FEW085 SCT250 31/21 A2993 RMK AO2 SLP129 T03060211 $,
RDU,2026-09-13 19:51,82.00,72.00,71.84,0.00,0.00,0.00,29.93,1012.90,10.00,,FEW,SCT,,,8500.00,25000.00,,,,,,,,,,86.84,KRDU 132351Z 00000KT 10SM FEW085 SCT250 28/22 A2993 RMK AO2 SLP129 T02780222 10322 20278 51006 $,
RDU,2026-09-13 20:51,81.00,73.00,76.76,0.00,0.00,0.00,29.95,1013.50,10.00,,FEW,SCT,,,7000.00,25000.00,,,,,,,,,,85.82,KRDU 140051Z 00000KT 10SM FEW070 SCT250 27/23 A2995 RMK AO2 SLP135 T02720228 $,
RDU,2026-09-13 21:51,80.00,72.00,76.67,220.00,3.00,0.00,29.97,1014.20,10.00,,FEW,FEW,,,7000.00,25000.00,,,,,,,,,,83.79,KRDU 140151Z 22003KT 10SM FEW070 FEW250 27/22 A2997 RMK AO2 SLP142 T02670222 $,
RDU,2026-09-13 22:51,79.00,73.00,81.93,230.00,3.00,0.00,29.98,1014.60,10.00,,FEW,FEW,,,6500.00,25000.00,,,,,,,,,,79.00,KRDU 140251Z 23003KT 10SM FEW065 FEW250 26/23 A2998 RMK AO2 SLP146 T02610228 51017 $,
RDU,2026-09-13 23:51,78.00,72.00,81.86,240.00,3.00,0.00,29.99,1014.90,10.00,,FEW,,,,25000.00,,,,,,,,,,,78.00,KRDU 140351Z 24003KT 10SM FEW250 26/22 A2999 RMK AO2 SLP149 T02560222 $,
RDU,2026-09-14 00:51,77.00,72.00,84.61,0.00,0.00,0.00,30.00,1015.10,10.00,,CLR,,,,,,,,,,,,,,,77.00,KRDU 140451Z 00000KT 10SM CLR 25/22 A3000 RMK AO2 SLP151 T02500222 403220239 $,
RDU,2026-09-14 01:51,77.00,71.00,81.79,0.00,0.00,0.00,29.99,1014.80,10.00,,FEW,,,,6000.00,,,,,,,,,,,77.00,KRDU 140551Z 00000KT 10SM FEW060 25/22 A2999 RMK AO2 SLP148 T02500217 10283 20244 50002 $,
RDU,2026-09-14 02:51,74.00,72.00,93.49,0.00,0.00,0.00,29.97,1014.30,10.00,,CLR,,,,,,,,,,,,,,,74.00,KRDU 140651Z 00000KT 10SM CLR 23/22 A2997 RMK AO2 SLP143 T02330222 $,
RDU,2026-09-14 03:51,75.00,70.00,84.49,0.00,0.00,0.00,29.98,1014.50,10.00,,FEW,,,,25000.00,,,,,,,,,,,75.00,KRDU 140751Z 00000KT 10SM FEW250 24/21 A2998 RMK AO2 SLP145 T02390211 $,
RDU,2026-09-14 04:51,73.00,71.00,93.47,0.00,0.00,0.00,29.98,1014.60,10.00,,SCT,,,,25000.00,,,,,,,,,,,73.00,KRDU 140851Z 00000KT 10SM SCT250 23/22 A2998 RMK AO2 SLP146 T02280217 55002 $,
RDU,2026-09-14 05:51,72.00,70.00,93.44,0.00,0.00,0.00,30.00,1015.20,10.00,,CLR,,,,,,,,,,,,,,,72.00,KRDU 140951Z 00000KT 10SM CLR 22/21 A3000 RMK AO2 SLP152 T02220211 $,
RDU,2026-09-14 06:51,71.00,70.00,96.66,230.00,3.00,0.00,30.02,1015.80,10.00,,SCT,,,,25000.00,,,,,,,,,,,71.00,KRDU 141051Z 23003KT 10SM SCT250 22/21 A3002 RMK AO2 SLP158 T02170211 $,
RDU,2026-09-14 07:51,73.00,70.00,90.34,0.00,0.00,0.00,30.04,1016.70,10.00,,FEW,,,,25000.00,,,,,,,,,,,73.00,KRDU 141151Z 00000KT 10SM FEW250 23/21 A3004 RMK AO2 SLP167 T02280211 10250 20217 53019 $,
RDU,2026-09-14 08:51,78.00,68.00,71.43,0.00,0.00,0.00,30.05,1017.00,10.00,,FEW,,,,25000.00,,,,,,,,,,,78.00,KRDU 141251Z 00000KT 10SM FEW250 26/20 A3005 RMK AO2 SLP170 T02560200 $,
RDU,2026-09-14 09:51,84.00,69.00,60.82,340.00,5.00,0.00,30.06,1017.40,10.00,,FEW,,,,25000.00,,,,,,,,,,,87.75,KRDU 141351Z 34005KT 10SM FEW250 29/21 A3006 RMK AO2 SLP174 T02890206 $,
RDU,2026-09-14 10:51,86.00,69.00,57.06,340.00,8.00,0.00,30.08,1017.90,10.00,,FEW,,,,25000.00,,,,,,,,,,,90.07,KRDU 141451Z 34008KT 10SM FEW250 30/21 A3008 RMK AO2 SLP179 T03000206 53013,
RDU,2026-09-14 11:51,88.00,69.00,53.55,20.00,8.00,0.00,30.08,1017.90,10.00,,FEW,FEW,,,4000.00,25000.00,,,,,,,,,,92.39,KRDU 141551Z 02008KT 10SM FEW040 FEW250 31/21 A3008 RMK AO2 SLP179 T03110206,
RDU,2026-09-14 12:51,88.00,69.00,53.55,20.00,7.00,0.00,30.07,1017.60,10.00,,FEW,FEW,,,4200.00,25000.00,,,,,,,,,,92.39,KRDU 141651Z COR 02007KT 10SM FEW042 FEW250 31/21 A3007 RMK AO2 SLP176 T03110206,
RDU,2026-09-14 13:51,89.00,69.00,51.89,,6.00,0.00,30.06,1017.30,10.00,,SCT,SCT,,,4800.00,25000.00,,,,,,,,,,93.56,KRDU 141751Z VRB06KT 10SM SCT048 SCT250 32/21 A3006 RMK AO2 SLP173 T03170206 10322 20228 58005,
RDU,2026-09-14 14:51,90.00,68.00,48.59,50.00,4.00,0.00,30.04,1016.80,10.00,,SCT,SCT,,,4800.00,25000.00,,,,,,,,,,93.98,KRDU 141851Z 05004KT 10SM SCT048 SCT250 32/20 A3004 RMK AO2 SLP168 T03220200,
RDU,2026-09-14 15:51,89.00,67.00,48.45,30.00,6.00,0.00,30.05,1017.00,10.00,15.00,SCT,SCT,,,5000.00,25000.00,,,,,,,,,,92.15,KRDU 141951Z 03006G15KT 10SM SCT050 SCT250 32/19 A3005 RMK AO2 SLP170 T03170194,
RDU,2026-09-14 16:51,89.00,68.00,50.14,50.00,8.00,0.00,30.05,1017.00,10.00,,SCT,BKN,,,4900.00,25000.00,,,,,,,,,,92.83,KRDU 142051Z 05008KT 10SM SCT049 BKN250 32/20 A3005 RMK AO2 SLP170 T03170200 55003,
RDU,2026-09-14 17:51,88.00,67.00,50.00,40.00,7.00,0.00,30.06,1017.30,10.00,,FEW,FEW,SCT,,5000.00,6500.00,25000.00,,,,,,,,,91.04,KRDU 142151Z 04007KT 10SM FEW050 FEW065 SCT250 31/19 A3006 RMK AO2 SLP173 T03110194,
RDU,2026-09-14 18:51,84.00,68.00,58.77,40.00,8.00,0.00,30.07,1017.90,10.00,,FEW,SCT,,,5000.00,25000.00,,,,,,,,,,87.20,KRDU 142251Z 04008KT 10SM FEW050 SCT250 29/20 A3007 RMK AO2 SLP179 T02890200,
RDU,2026-09-14 19:51,81.00,68.00,64.76,50.00,5.00,0.00,30.09,1018.60,10.00,18.00,FEW,FEW,,,5000.00,25000.00,,,,,,,,,,83.77,KRDU 142351Z 05005G18KT 10SM FEW050 FEW250 27/20 A3009 RMK AO2 SLP186 T02720200 10328 20272 53015,
RDU,2026-09-14 20:51,80.00,67.00,64.63,60.00,7.00,0.00,30.13,1019.80,10.00,,FEW,FEW,,,5000.00,25000.00,,,,,,,,,,82.32,KRDU 150051Z 06007KT 10SM FEW050 FEW250 27/19 A3013 RMK AO2 SLP198 T02670194,
RDU,2026-09-14 21:51,78.00,63.00,60.04,70.00,9.00,0.00,30.17,1020.90,10.00,,CLR,,,,,,,,,,,,,,,78.00,KRDU 150151Z 07009KT 10SM CLR 26/17 A3017 RMK AO2 SLP209 T02560172,
RDU,2026-09-14 22:51,76.00,62.00,61.93,60.00,8.00,0.00,30.18,1021.60,10.00,,CLR,,,,,,,,,,,,,,,76.00,KRDU 150251Z 06008KT 10SM CLR 24/17 A3018 RMK AO2 SLP216 T02440167 51030,
RDU,2026-09-14 23:51,74.00,61.00,63.90,70.00,7.00,0.00,30.20,,10.00,,FEW,FEW,,,5000.00,25000.00,,,,,,,,,,74.00,KRDU 150351Z 07007KT 10SM FEW050 FEW250 23/16 A3020 RMK T02330161,
RDU,2026-09-15 00:51,71.00,59.00,65.84,50.00,6.00,0.00,30.22,1022.60,10.00,,FEW,FEW,,,5000.00,25000.00,,,,,,,,,,71.00,KRDU 150451Z 05006KT 10SM FEW050 FEW250 22/15 A3022 RMK AO2 SLP226 T02170150 403280217,
RDU,2026-09-15 01:51,70.00,57.00,63.40,60.00,6.00,0.00,30.22,1022.60,10.00,,FEW,,,,25000.00,,,,,,,,,,,70.00,KRDU 150551Z 06006KT 10SM FEW250 21/14 A3022 RMK AO2 SLP226 T02110139 10272 20211 51010,
RDU,2026-09-15 02:51,68.00,57.00,67.89,40.00,6.00,0.00,30.23,1023.20,10.00,,FEW,FEW,,,2000.00,25000.00,,,,,,,,,,68.00,KRDU 150651Z 04006KT 10SM FEW020 FEW250 20/14 A3023 RMK AO2 SLP232 T02000139 $,
RDU,2026-09-15 03:51,67.00,58.00,72.85,30.00,7.00,0.00,30.24,1023.50,10.00,,FEW,FEW,FEW,,2000.00,5000.00,6500.00,,,,,,,,,67.00,KRDU 150751Z 03007KT 10SM FEW020 FEW050 FEW065 19/14 A3024 RMK AO2 SLP235 T01940144 $,
RDU,2026-09-15 04:51,66.00,58.00,75.41,30.00,7.00,0.00,30.25,1023.80,10.00,,FEW,FEW,FEW,,2000.00,5000.00,6500.00,,,,,,,,,66.00,KRDU 150851Z 03007KT 10SM FEW020 FEW050 FEW065 19/14 A3025 RMK AO2 SLP238 T01890144 51010 $,
RDU,2026-09-15 05:51,64.00,58.00,80.85,40.00,6.00,0.00,30.26,1024.30,10.00,,FEW,FEW,FEW,,2000.00,5000.00,7000.00,,,,,,,,,64.00,KRDU 150951Z 04006KT 10SM FEW020 FEW050 FEW070 18/14 A3026 RMK AO2 SLP243 T01780144 $,
RDU,2026-09-15 06:51,63.00,58.00,83.73,60.00,5.00,0.00,30.28,1024.80,10.00,,FEW,FEW,FEW,,3000.00,5000.00,7000.00,,,,,,,,,63.00,KRDU 151051Z 06005KT 10SM FEW030 FEW050 FEW070 17/14 A3028 RMK AO2 SLP248 T01720144 $,
RDU,2026-09-15 07:51,66.00,58.00,75.41,10.00,5.00,0.00,30.32,1026.30,10.00,,FEW,BKN,,,3000.00,25000.00,,,,,,,,,,66.00,KRDU 151151Z 01005KT 10SM FEW030 BKN250 19/14 A3032 RMK AO2 SLP263 T01890144 10217 20172 53025 $,
RDU,2026-09-15 08:51,69.00,57.00,65.60,50.00,7.00,0.00,30.33,1026.60,10.00,,FEW,BKN,,,7500.00,25000.00,,,,,,,,,,69.00,KRDU 151251Z 05007KT 10SM FEW075 BKN250 21/14 A3033 RMK AO2 SLP266 T02060139 $,
RDU,2026-09-15 09:51,74.00,55.00,51.52,60.00,9.00,0.00,30.35,1027.40,10.00,,FEW,BKN,,,7500.00,25000.00,,,,,,,,,,74.00,KRDU 151351Z 06009KT 10SM FEW075 BKN250 23/13 A3035 RMK AO2 SLP274 T02330128 $,
RDU,2026-09-15 10:51,76.00,53.00,44.80,80.00,8.00,0.00,30.36,1027.70,10.00,17.00,FEW,SCT,,,7500.00,25000.00,,,,,,,,,,76.00,KRDU 151451Z 08008G17KT 10SM FEW075 SCT250 24/12 A3036 RMK AO2 SLP277 T02440117 51013 $,
RDU,2026-09-15 11:51,77.00,54.00,44.95,,3.00,0.00,30.36,1027.50,10.00,,FEW,BKN,,,6000.00,25000.00,,,,,,,,,,77.00,KRDU 151551Z VRB03KT 10SM FEW060 BKN250 25/12 A3036 RMK AO2 SLP275 T02500122,
RDU,2026-09-15 12:51,77.00,54.00,44.95,,4.00,0.00,30.35,1027.30,10.00,,FEW,BKN,,,6000.00,25000.00,,,,,,,,,,77.00,KRDU 151651Z VRB04KT 10SM FEW060 BKN250 25/12 A3035 RMK AO2 SLP273 T02500122,
RDU,2026-09-15 13:51,81.00,55.00,40.89,,5.00,0.00,30.33,1026.70,10.00,,FEW,BKN,,,6000.00,25000.00,,,,,,,,,,80.74,KRDU 151751Z VRB05KT 10SM FEW060 BKN250 27/13 A3033 RMK AO2 SLP267 T02720128 10272 20189 58010,
RDU,2026-09-15 14:51,81.00,55.00,40.89,,3.00,0.00,30.32,1026.20,10.00,,FEW,SCT,,,6000.00,25000.00,,,,,,,,,,80.74,KRDU 151851Z VRB03KT 10SM FEW060 SCT250 27/13 A3032 RMK AO2 SLP262 T02720128,
RDU,2026-09-15 15:51,82.00,56.00,41.05,,4.00,0.00,30.31,1025.80,10.00,,FEW,SCT,,,6000.00,25000.00,,,,,,,,,,81.58,KRDU 151951Z VRB04KT 10SM FEW060 SCT250 28/13 A3031 RMK AO2 SLP258 T02780133,
RDU,2026-09-15 16:51,82.00,57.00,42.56,70.00,5.00,0.00,30.30,1025.40,10.00,,SCT,,,,25000.00,,,,,,,,,,,81.76,KRDU 152051Z 07005KT 10SM SCT250 28/14 A3030 RMK AO2 SLP254 T02780139 56012,
RDU,2026-09-15 17:51,82.00,57.00,42.56,70.00,6.00,0.00,30.29,1025.40,10.00,,SCT,,,,25000.00,,,,,,,,,,,81.76,KRDU 152151Z 07006KT 10SM SCT250 28/14 A3029 RMK AO2 SLP254 T02780139,
RDU,2026-09-15 18:51,78.00,58.00,50.27,50.00,7.00,0.00,30.30,1025.60,10.00,,SCT,,,,25000.00,,,,,,,,,,,78.00,KRDU 152251Z 05007KT 10SM SCT250 26/14 A3030 RMK AO2 SLP256 T02560144,
RDU,2026-09-15 19:51,75.00,59.00,57.55,30.00,3.00,0.00,30.31,1025.90,9.00,,SCT,,,,25000.00,,,,,,,,,,,75.00,KRDU 152351Z 03003KT 9SM SCT250 24/15 A3031 RMK AO2 SLP259 T02390150 10283 20233 53003,
RDU,2026-09-15 20:51,73.00,60.00,63.78,90.00,4.00,0.00,30.32,1026.50,10.00,,CLR,,,,,,,,,,,,,,,73.00,KRDU 160051Z 09004KT 10SM CLR 23/16 A3032 RMK AO2 SLP265 T02280156,
RDU,2026-09-15 21:51,71.00,60.00,68.23,0.00,0.00,0.00,30.33,1026.80,10.00,,CLR,,,,,,,,,,,,,,,71.00,KRDU 160151Z 00000KT 10SM CLR 22/16 A3033 RMK AO2 SLP268 T02170156,
RDU,2026-09-15 22:51,69.00,61.00,75.69,0.00,0.00,0.00,30.34,1026.90,10.00,,CLR,,,,,,,,,,,,,,,69.00,KRDU 160251Z 00000KT 10SM CLR 21/16 A3034 RMK AO2 SLP269 T02060161 51010,
RDU,2026-09-15 23:51,68.00,61.00,78.33,0.00,0.00,0.00,30.33,1026.80,10.00,,CLR,,,,,,,,,,,,,,,68.00,KRDU 160351Z 00000KT 10SM CLR 20/16 A3033 RMK AO2 SLP268 T02000161,
RDU,2026-09-16 00:51,68.00,60.00,75.59,100.00,5.00,0.00,30.34,1026.90,10.00,,CLR,,,,,,,,,,,,,,,68.00,KRDU 160451Z 10005KT 10SM CLR 20/16 A3034 RMK AO2 SLP269 T02000156 402830172,
RDU,2026-09-16 01:51,67.00,60.00,78.24,120.00,5.00,0.00,30.33,1026.50,10.00,,CLR,,,,,,,,,,,,,,,67.00,KRDU 160551Z 12005KT 10SM CLR 19/16 A3033 RMK AO2 SLP265 T01940156 10239 20194 58004,
RDU,2026-09-16 02:51,66.00,60.00,81.00,0.00,0.00,0.00,30.33,1026.50,10.00,,CLR,,,,,,,,,,,,,,,66.00,KRDU 160651Z 00000KT 10SM CLR 19/16 A3033 RMK AO2 SLP265 T01890156,
RDU,2026-09-16 03:51,64.00,60.00,86.84,0.00,0.00,0.00,30.32,1026.20,10.00,,CLR,,,,,,,,,,,,,,,64.00,KRDU 160751Z 00000KT 10SM CLR 18/16 A3032 RMK AO2 SLP262 T01780156,
RDU,2026-09-16 04:51,63.00,60.00,89.94,0.00,0.00,0.00,30.33,1026.60,10.00,,CLR,,,,,,,,,,,,,,,63.00,KRDU 160851Z 00000KT 10SM CLR 17/16 A3033 RMK AO2 SLP266 T01720156 53001,
RDU,2026-09-16 05:51,61.00,60.00,96.51,0.00,0.00,0.00,30.34,1027.10,10.00,,CLR,,,,,,,,,,,,,,,61.00,KRDU 160951Z 00000KT 10SM CLR 16/16 A3034 RMK AO2 SLP271 T01610156,
RDU,2026-09-16 06:51,61.00,59.00,93.13,0.00,0.00,0.00,30.36,1027.80,10.00,,FEW,,,,25000.00,,,,,,,,,,,61.00,KRDU 161051Z 00000KT 10SM FEW250 16/15 A3036 RMK AO2 SLP278 T01610150,
RDU,2026-09-16 07:51,63.00,61.00,93.19,0.00,0.00,0.00,30.38,1028.50,10.00,,FEW,,,,25000.00,,,,,,,,,,,63.00,KRDU 161151Z 00000KT 10SM FEW250 17/16 A3038 RMK AO2 SLP285 T01720161 10194 20156 53018,
RDU,2026-09-16 08:51,69.00,62.00,78.41,0.00,0.00,0.00,30.40,1028.90,10.00,,FEW,BKN,,,4500.00,25000.00,,,,,,,,,,69.00,KRDU 161251Z 00000KT 10SM FEW045 BKN250 21/17 A3040 RMK AO2 SLP289 T02060167,
RDU,2026-09-16 09:51,73.00,61.00,66.08,0.00,0.00,0.00,30.40,1029.10,10.00,,FEW,SCT,,,4500.00,25000.00,,,,,,,,,,73.00,KRDU 161351Z 00000KT 10SM FEW045 SCT250 23/16 A3040 RMK AO2 SLP291 T02280161,
RDU,2026-09-16 10:51,78.00,61.00,55.95,200.00,3.00,0.00,30.41,1029.20,10.00,,FEW,,,,25000.00,,,,,,,,,,,78.00,KRDU 161451Z 20003KT 10SM FEW250 26/16 A3041 RMK AO2 SLP292 T02560161 51008,
RDU,2026-09-16 11:51,80.00,61.00,52.40,,3.00,0.00,30.40,1028.90,10.00,,FEW,FEW,,,4200.00,25000.00,,,,,,,,,,81.03,KRDU 161551Z VRB03KT 10SM FEW042 FEW250 27/16 A3040 RMK AO2 SLP289 T02670161,
RDU,2026-09-16 12:51,82.00,62.00,50.87,80.00,5.00,0.00,30.38,1028.40,10.00,,FEW,FEW,,,4500.00,25000.00,,,,,,,,,,82.90,KRDU 161651Z 08005KT 10SM FEW045 FEW250 28/17 A3038 RMK AO2 SLP284 T02780167,
RDU,2026-09-16 13:51,83.00,62.00,49.25,160.00,4.00,0.00,30.37,1027.80,10.00,,FEW,FEW,,,4800.00,25000.00,,,,,,,,,,83.77,KRDU 161751Z 16004KT 10SM FEW048 FEW250 28/17 A3037 RMK AO2 SLP278 T02830167 10289 20172 58014,
RDU,2026-09-16 14:51,84.00,61.00,46.04,120.00,4.00,0.00,30.35,1027.20,10.00,,FEW,FEW,,,5000.00,25000.00,,,,,,,,,,84.33,KRDU 161851Z 12004KT 10SM FEW050 FEW250 29/16 A3035 RMK AO2 SLP272 T02890161,
RDU,2026-09-16 15:51,86.00,60.00,41.68,110.00,6.00,0.00,30.33,1026.50,10.00,,FEW,FEW,,,5000.00,25000.00,,,,,,,,,,85.80,KRDU 161951Z 11006KT 10SM FEW050 FEW250 30/16 A3033 RMK AO2 SLP265 T03000156,
RDU,2026-09-16 16:51,86.00,60.00,41.68,80.00,6.00,0.00,30.32,1026.20,10.00,,FEW,FEW,,,5000.00,25000.00,,,,,,,,,,85.80,KRDU 162051Z 08006KT 10SM FEW050 FEW250 30/16 A3032 RMK AO2 SLP262 T03000156 56016,
RDU,2026-09-16 17:51,85.00,60.00,43.03,110.00,4.00,0.00,30.31,1026.00,10.00,,FEW,,,,25000.00,,,,,,,,,,,84.90,KRDU 162151Z 11004KT 10SM FEW250 29/16 A3031 RMK AO2 SLP260 T02940156,
RDU,2026-09-16 18:51,83.00,59.00,44.27,80.00,5.00,0.00,30.31,1026.10,10.00,,FEW,,,,25000.00,,,,,,,,,,,82.95,KRDU 162251Z 08005KT 10SM FEW250 28/15 A3031 RMK AO2 SLP261 T02830150,
RDU,2026-09-16 19:51,78.00,63.00,60.04,120.00,3.00,0.00,30.31,1026.10,10.00,,FEW,,,,25000.00,,,,,,,,,,,78.00,KRDU 162351Z 12003KT 10SM FEW250 26/17 A3031 RMK AO2 SLP261 T02560172 10300 20256 56002,
RDU,2026-09-16 20:51,76.00,62.00,61.93,140.00,3.00,0.00,30.33,1026.70,10.00,,CLR,,,,,,,,,,,,,,,76.00,KRDU 170051Z 14003KT 10SM CLR 24/17 A3033 RMK AO2 SLP267 T02440167,
RDU,2026-09-16 21:51,72.00,62.00,70.81,0.00,0.00,0.00,30.34,1026.80,10.00,,CLR,,,,,,,,,,,,,,,72.00,KRDU 170151Z 00000KT 10SM CLR 22/17 A3034 RMK AO2 SLP268 T02220167,
RDU,2026-09-16 22:51,71.00,63.00,75.87,0.00,0.00,0.00,30.33,1026.70,10.00,,CLR,,,,,,,,,,,,,,,71.00,KRDU 170251Z 00000KT 10SM CLR 22/17 A3033 RMK AO2 SLP267 T02170172 50008,
RDU,2026-09-16 23:51,70.00,63.00,78.49,0.00,0.00,0.00,30.33,1026.60,10.00,,CLR,,,,,,,,,,,,,,,70.00,KRDU 170351Z 00000KT 10SM CLR 21/17 A3033 RMK AO2 SLP266 T02110172,
