hour_local,forecast_deg_c,historical_average_deg_c,ecmwf_raw_deg_c
2026-09-17 00:00,20.76,20.02,19.9
2026-09-17 01:00,20.37,19.61,19.6
2026-09-17 02:00,19.94,19.28,19.3
2026-09-17 03:00,19.61,18.96,19.0
2026-09-17 04:00,19.25,18.68,18.7
2026-09-17 05:00,18.86,18.42,18.4
2026-09-17 06:00,18.6,18.31,18.3
2026-09-17 07:00,20.05,19.07,19.8
2026-09-17 08:00,22.42,21.06,22.2
2026-09-17 09:00,25.11,22.86,25.0
2026-09-17 10:00,27.13,24.5,27.0
2026-09-17 11:00,28.49,25.74,28.3
2026-09-17 12:00,29.53,26.61,29.3
2026-09-17 13:00,30.5,27.11,30.3
2026-09-17 14:00,31.16,27.31,30.9
2026-09-17 15:00,31.6,27.42,31.1
2026-09-17 16:00,31.75,27.22,31.0
2026-09-17 17:00,31.35,26.66,30.4
2026-09-17 18:00,29.26,25.24,28.1
2026-09-17 19:00,27.19,23.23,26.2
2026-09-17 20:00,26.23,22.12,25.6
2026-09-17 21:00,25.44,21.44,25.0
2026-09-17 22:00,24.73,20.76,24.3
2026-09-17 23:00,24.08,20.26,23.6
2026-09-18 00:00,23.75,19.92,23.3
2026-09-18 01:00,23.4,19.48,23.1
2026-09-18 02:00,23.14,19.18,22.9
2026-09-18 03:00,22.86,18.85,22.7
2026-09-18 04:00,22.45,18.66,22.3
2026-09-18 05:00,22.1,18.4,22.0
2026-09-18 06:00,21.83,18.29,21.8
2026-09-18 07:00,22.65,19.03,22.6
2026-09-18 08:00,25.06,21.05,25.1
2026-09-18 09:00,27.7,22.85,27.9
2026-09-18 10:00,29.95,24.52,30.1
2026-09-18 11:00,31.43,25.74,31.5
2026-09-18 12:00,32.4,26.63,32.4
2026-09-18 13:00,33.1,27.13,33.1
2026-09-18 14:00,32.53,27.3,33.5
2026-09-18 15:00,32.54,27.4,33.4
2026-09-18 16:00,32.31,27.11,33.2
2026-09-18 17:00,28.76,26.5,28.4
2026-09-18 18:00,27.33,25.03,27.2
2026-09-18 19:00,25.6,23.08,24.7
2026-09-18 20:00,25.24,22.04,24.8
2026-09-18 21:00,24.81,21.4,24.5
2026-09-18 22:00,24.26,20.76,23.8
2026-09-18 23:00,23.8,20.3,23.4
2026-09-19 00:00,23.44,19.97,23.1
2026-09-19 01:00,23.17,19.49,22.9
2026-09-19 02:00,22.98,19.18,22.8
2026-09-19 03:00,22.93,18.8,22.8
2026-09-19 04:00,22.81,18.59,22.7
2026-09-19 05:00,22.6,18.3,22.6
2026-09-19 06:00,22.36,18.23,22.5
2026-09-19 07:00,22.41,18.94,22.8
2026-09-19 08:00,22.8,20.92,23.2
2026-09-19 09:00,23.71,22.7,24.4
2026-09-19 10:00,24.7,24.33,25.7
2026-09-19 11:00,26.12,25.57,27.3
2026-09-19 12:00,26.95,26.46,28.2
2026-09-19 13:00,25.81,26.99,25.1
2026-09-19 14:00,27.27,27.24,27.5
2026-09-19 15:00,27.38,27.29,27.6
2026-09-19 16:00,27.39,26.98,27.5
2026-09-19 17:00,26.91,26.39,26.8
2026-09-19 18:00,26.01,24.88,25.7
2026-09-19 19:00,25.0,22.96,24.8
2026-09-19 20:00,24.07,22.05,23.9
2026-09-19 21:00,23.61,21.36,23.3
2026-09-19 22:00,23.28,20.81,22.8
2026-09-19 23:00,22.64,20.33,22.1
2026-09-20 00:00,22.04,19.88,21.7
2026-09-20 01:00,21.64,19.36,21.4
2026-09-20 02:00,21.56,19.08,21.4
2026-09-20 03:00,21.73,18.61,21.7
2026-09-20 04:00,21.81,18.37,22.0
2026-09-20 05:00,21.48,18.09,22.0
2026-09-20 06:00,21.25,18.05,22.0
2026-09-20 07:00,21.78,18.7,22.4
2026-09-20 08:00,23.1,20.65,23.4
2026-09-20 09:00,24.78,22.39,24.9
2026-09-20 10:00,26.17,23.97,26.2
2026-09-20 11:00,27.1,25.24,27.0
2026-09-20 12:00,27.88,26.12,27.6
2026-09-20 13:00,28.66,26.74,28.3
2026-09-20 14:00,29.45,27.03,29.1
2026-09-20 15:00,30.23,27.06,30.0
2026-09-20 16:00,30.56,26.76,30.3
2026-09-20 17:00,29.91,26.14,29.4
2026-09-20 18:00,28.48,24.63,27.9
2026-09-20 19:00,26.83,22.63,26.6
2026-09-20 20:00,25.74,21.72,25.9
2026-09-20 21:00,25.21,21.04,25.4
2026-09-20 22:00,24.93,20.51,25.0
2026-09-20 23:00,24.47,20.04,24.5
2026-09-21 00:00,23.62,19.58,24.0
2026-09-21 01:00,23.25,19.12,23.6
2026-09-21 02:00,22.95,18.77,23.3
2026-09-21 03:00,22.72,18.34,23.2
2026-09-21 04:00,22.49,18.14,23.1
2026-09-21 05:00,22.06,17.88,23.0
2026-09-21 06:00,21.87,17.79,23.0
2026-09-21 07:00,22.6,18.41,23.6
2026-09-21 08:00,24.37,20.35,25.2
2026-09-21 09:00,26.47,22.21,27.4
2026-09-21 10:00,28.17,23.83,29.2
2026-09-21 11:00,29.47,25.16,30.5
2026-09-21 12:00,30.43,26.09,31.4
2026-09-21 13:00,30.74,26.78,31.4
2026-09-21 14:00,29.92,27.04,29.8
2026-09-21 15:00,28.36,27.05,27.2
2026-09-21 16:00,27.03,26.75,25.1
2026-09-21 17:00,26.41,26.17,24.0
2026-09-21 18:00,25.75,24.62,23.5
2026-09-21 19:00,24.8,22.58,23.2
2026-09-21 20:00,23.87,21.61,22.9
2026-09-21 21:00,23.43,20.94,22.8
2026-09-21 22:00,23.25,20.41,22.8
2026-09-21 23:00,22.9,19.95,22.6
2026-09-22 00:00,22.16,19.45,22.5
2026-09-22 01:00,21.86,19.0,22.5
2026-09-22 02:00,21.61,18.68,22.4
2026-09-22 03:00,21.45,18.28,22.3
2026-09-22 04:00,21.29,18.09,22.3
2026-09-22 05:00,20.68,17.83,21.9
2026-09-22 06:00,20.59,17.74,22.1
2026-09-22 07:00,21.27,18.36,22.4
2026-09-22 08:00,22.7,20.26,23.2
2026-09-22 09:00,24.16,22.12,24.4
2026-09-22 10:00,25.41,23.74,25.8
2026-09-22 11:00,26.35,25.13,27.1
2026-09-22 12:00,27.0,26.07,28.0
2026-09-22 13:00,27.55,26.75,28.4
2026-09-22 14:00,27.64,27.02,27.9
2026-09-22 15:00,27.41,27.01,26.9
2026-09-22 16:00,26.73,26.69,25.5
2026-09-22 17:00,25.67,26.12,24.0
2026-09-22 18:00,24.3,24.53,22.7
2026-09-22 19:00,22.99,22.54,21.9
2026-09-22 20:00,21.96,21.66,21.4
2026-09-22 21:00,21.58,20.93,21.2
2026-09-22 22:00,21.52,20.43,21.1
2026-09-22 23:00,21.52,19.99,21.2
2026-09-23 00:00,21.09,19.55,21.3
2026-09-23 01:00,20.88,19.13,21.3
2026-09-23 02:00,20.69,18.78,21.3
2026-09-23 03:00,20.48,18.45,21.2
2026-09-23 04:00,20.25,18.28,21.2
2026-09-23 05:00,19.89,18.02,21.3
2026-09-23 06:00,19.74,17.9,21.4
2026-09-23 07:00,20.41,18.46,21.8
2026-09-23 08:00,21.74,20.2,22.5
2026-09-23 09:00,23.12,21.96,23.5
2026-09-23 10:00,24.23,23.4,24.6
2026-09-23 11:00,25.05,24.71,25.6
2026-09-23 12:00,25.66,25.6,26.4
2026-09-23 13:00,26.24,26.32,26.8
2026-09-23 14:00,26.46,26.7,26.5
2026-09-23 15:00,26.38,26.62,25.7
2026-09-23 16:00,25.95,26.37,24.7
2026-09-23 17:00,25.18,25.71,23.7
2026-09-23 18:00,24.03,24.21,22.7
2026-09-23 19:00,22.8,22.47,22.1
2026-09-23 20:00,21.79,21.58,21.7
2026-09-23 21:00,21.33,20.95,21.5
2026-09-23 22:00,21.24,20.41,21.5
2026-09-23 23:00,21.07,19.96,21.4
2026-09-24 00:00,20.9,19.52,21.5
2026-09-24 01:00,20.67,19.18,21.5
2026-09-24 02:00,20.37,18.76,21.4
2026-09-24 03:00,20.14,18.46,21.3
2026-09-24 04:00,19.83,18.29,21.2
2026-09-24 05:00,19.35,18.05,21.1
2026-09-24 06:00,19.21,17.93,21.2
2026-09-24 07:00,19.8,18.43,21.5
2026-09-24 08:00,21.07,20.06,22.1
2026-09-24 09:00,22.39,21.73,23.0
2026-09-24 10:00,23.52,23.15,24.0
2026-09-24 11:00,24.39,24.43,25.0
2026-09-24 12:00,25.04,25.34,25.7
2026-09-24 13:00,25.7,26.08,26.1
2026-09-24 14:00,26.1,26.48,25.9
2026-09-24 15:00,26.33,26.43,25.4
2026-09-24 16:00,26.22,26.15,24.6
2026-09-24 17:00,25.68,25.47,23.7
2026-09-24 18:00,24.67,24.04,22.9
2026-09-24 19:00,23.32,22.4,22.2
2026-09-24 20:00,22.11,21.54,21.5
2026-09-24 21:00,21.36,20.85,20.9
2026-09-24 22:00,20.89,20.47,20.3
2026-09-24 23:00,20.33,20.08,19.7
2026-09-25 00:00,19.59,19.61,19.2
2026-09-25 01:00,19.09,19.27,18.8
2026-09-25 02:00,18.63,18.88,18.5
2026-09-25 03:00,18.24,18.56,18.2
2026-09-25 04:00,17.78,18.36,17.9
2026-09-25 05:00,17.28,18.09,17.8
2026-09-25 06:00,17.14,17.96,17.9
2026-09-25 07:00,17.79,18.46,18.3
2026-09-25 08:00,19.21,20.1,19.0
2026-09-25 09:00,20.89,21.74,20.1
2026-09-25 10:00,22.44,23.19,21.4
2026-09-25 11:00,23.68,24.36,22.7
2026-09-25 12:00,24.67,25.29,23.7
2026-09-25 13:00,25.51,26.02,24.2
2026-09-25 14:00,25.97,26.45,24.1
2026-09-25 15:00,26.12,26.38,23.7
2026-09-25 16:00,25.92,26.18,23.0
2026-09-25 17:00,25.13,25.51,22.1
2026-09-25 18:00,23.83,24.1,21.3
2026-09-25 19:00,22.27,22.5,20.6
2026-09-25 20:00,21.08,21.62,19.9
2026-09-25 21:00,20.32,20.89,19.2
2026-09-25 22:00,19.87,20.56,18.4
2026-09-25 23:00,19.33,20.13,17.8
2026-09-26 00:00,18.98,19.68,17.2
2026-09-26 01:00,18.53,19.29,16.7
2026-09-26 02:00,18.12,18.95,16.3
2026-09-26 03:00,17.79,18.66,16.0
2026-09-26 04:00,17.45,18.45,15.8
2026-09-26 05:00,17.03,18.17,15.7
2026-09-26 06:00,16.89,18.04,15.7
2026-09-26 07:00,17.48,18.51,16.1
2026-09-26 08:00,18.84,20.02,16.9
2026-09-26 09:00,20.43,21.61,18.1
2026-09-26 10:00,22.02,23.09,19.6
2026-09-26 11:00,23.3,24.26,21.0
2026-09-26 12:00,24.33,25.16,22.1
2026-09-26 13:00,25.18,25.89,22.7
2026-09-26 14:00,25.59,26.26,22.6
2026-09-26 15:00,25.69,26.23,22.2
2026-09-26 16:00,25.34,25.98,21.4
2026-09-26 17:00,24.61,25.32,20.6
2026-09-26 18:00,23.43,23.96,19.7
2026-09-26 19:00,22.11,22.38,19.0
2026-09-26 20:00,21.05,21.55,18.4
2026-09-26 21:00,20.3,20.9,17.8
2026-09-26 22:00,19.77,20.52,17.1
2026-09-26 23:00,19.23,20.13,16.5
2026-09-27 00:00,19.3,19.79,16.0
2026-09-27 01:00,18.87,19.45,15.6
2026-09-27 02:00,18.5,19.13,15.1
2026-09-27 03:00,18.19,18.88,14.7
2026-09-27 04:00,17.89,18.75,14.3
2026-09-27 05:00,17.45,18.48,14.1
2026-09-27 06:00,17.23,18.31,14.0
2026-09-27 07:00,17.8,18.76,14.3
2026-09-27 08:00,19.2,20.12,15.0
2026-09-27 09:00,20.84,21.66,16.2
2026-09-27 10:00,22.4,23.13,17.6
2026-09-27 11:00,23.59,24.25,18.9
2026-09-27 12:00,24.56,25.17,20.0
2026-09-27 13:00,25.41,25.89,20.6
2026-09-27 14:00,25.86,26.2,20.5
2026-09-27 15:00,26.02,26.2,20.0
2026-09-27 16:00,25.79,25.96,19.2
2026-09-27 17:00,25.0,25.27,18.3
2026-09-27 18:00,23.71,23.89,17.4
2026-09-27 19:00,22.19,22.35,16.7
2026-09-27 20:00,21.11,21.54,16.0
2026-09-27 21:00,20.46,20.94,15.4
2026-09-27 22:00,20.05,20.57,14.7
2026-09-27 23:00,19.54,20.17,14.0
2026-09-28 00:00,18.95,19.83,13.5
2026-09-28 01:00,18.48,19.43,13.1
2026-09-28 02:00,18.1,19.12,12.7
2026-09-28 03:00,17.77,18.86,12.3
2026-09-28 04:00,17.5,18.74,12.0
2026-09-28 05:00,17.07,18.49,11.8
2026-09-28 06:00,16.87,18.3,12.0
2026-09-28 07:00,17.43,18.7,12.6
2026-09-28 08:00,18.88,20.02,13.8
2026-09-28 09:00,20.55,21.45,15.6
2026-09-28 10:00,22.2,22.84,17.7
2026-09-28 11:00,23.6,23.91,19.8
2026-09-28 12:00,24.77,24.82,21.5
2026-09-28 13:00,25.64,25.46,22.4
2026-09-28 14:00,26.14,25.87,22.5
2026-09-28 15:00,26.21,25.89,21.9
2026-09-28 16:00,25.93,25.67,21.0
2026-09-28 17:00,25.11,24.92,19.9
2026-09-28 18:00,23.72,23.51,18.8
2026-09-28 19:00,22.29,22.02,18.0
2026-09-28 20:00,21.31,21.22,17.3
2026-09-28 21:00,20.66,20.63,16.6
2026-09-28 22:00,20.22,20.28,16.0
2026-09-28 23:00,19.7,19.85,15.4
2026-09-29 00:00,19.74,19.48,14.8
2026-09-29 01:00,19.33,19.09,14.5
2026-09-29 02:00,18.91,18.76,14.1
2026-09-29 03:00,18.53,18.39,13.7
2026-09-29 04:00,18.26,18.29,13.5
2026-09-29 05:00,17.93,18.07,13.4
2026-09-29 06:00,17.79,17.89,13.5
2026-09-29 07:00,18.27,18.28,14.0
2026-09-29 08:00,19.5,19.62,14.9
2026-09-29 09:00,21.04,21.1,16.5
2026-09-29 10:00,22.56,22.56,18.2
2026-09-29 11:00,23.85,23.65,20.0
2026-09-29 12:00,24.85,24.57,21.3
2026-09-29 13:00,25.61,25.23,22.1
2026-09-29 14:00,25.95,25.58,22.1
2026-09-29 15:00,25.97,25.6,21.6
2026-09-29 16:00,25.7,25.4,20.8
2026-09-29 17:00,24.88,24.57,19.8
2026-09-29 18:00,23.59,23.07,18.8
2026-09-29 19:00,22.31,21.61,18.1
2026-09-29 20:00,21.4,20.78,17.5
2026-09-29 21:00,20.82,20.22,17.0
2026-09-29 22:00,20.45,19.88,16.5
2026-09-29 23:00,20.05,19.46,16.1
2026-09-30 00:00,20.3,19.1,15.7
2026-09-30 01:00,19.82,18.62,15.4
2026-09-30 02:00,19.51,18.33,15.1
2026-09-30 03:00,19.12,17.93,14.8
2026-09-30 04:00,18.9,17.78,14.6
2026-09-30 05:00,18.58,17.53,14.5
2026-09-30 06:00,18.37,17.36,14.6
2026-09-30 07:00,18.63,17.73,15.0
2026-09-30 08:00,19.97,19.21,15.7
2026-09-30 09:00,21.4,20.78,16.9
2026-09-30 10:00,22.79,22.3,18.3
2026-09-30 11:00,23.87,23.47,19.6
2026-09-30 12:00,24.76,24.41,20.7
2026-09-30 13:00,25.44,25.08,21.4
2026-09-30 14:00,25.84,25.42,21.5
2026-09-30 15:00,26.0,25.47,21.2
2026-09-30 16:00,25.89,25.24,20.7
2026-09-30 17:00,25.22,24.39,20.1
2026-09-30 18:00,23.88,22.7,19.5
2026-09-30 19:00,22.06,21.19,19.1
2026-09-30 20:00,21.21,20.38,18.7
2026-09-30 21:00,20.56,19.73,18.2
2026-09-30 22:00,20.25,19.47,17.8
2026-09-30 23:00,19.83,19.14,17.4
