hour_local,lead_day,persistence,historical_average,lr_raw_noaa,lr_noaa_anomalies,ecmwf_raw,ecmwf_lagged_mean,gfs_raw,lr_temperature_target,lr_final
2026-09-17 00:00,1,20.0,20.02,21.29,20.75,19.9,20.07,20.6,20.48,20.5
2026-09-17 01:00,1,19.4,19.61,20.76,20.3,19.6,19.7,20.4,20.1,20.12
2026-09-17 02:00,1,18.9,19.28,20.24,19.92,19.3,19.27,19.3,19.7,19.72
2026-09-17 03:00,1,17.8,18.96,19.79,19.55,19.0,18.97,18.8,19.38,19.41
2026-09-17 04:00,1,17.2,18.68,19.49,19.22,18.7,18.63,18.2,19.04,19.06
2026-09-17 05:00,1,16.1,18.42,19.46,18.91,18.4,18.3,17.8,18.68,18.7
2026-09-17 06:00,1,16.1,18.31,19.81,18.77,18.3,18.1,17.4,18.46,18.47
2026-09-17 07:00,1,17.2,19.07,20.57,19.5,19.8,19.73,18.6,19.92,19.91
2026-09-17 08:00,1,20.6,21.06,21.73,21.49,22.2,22.23,21.6,22.25,22.25
2026-09-17 09:00,1,22.8,22.86,23.19,23.31,25.0,25.03,24.7,24.94,24.91
2026-09-17 10:00,1,25.6,24.5,24.78,25.0,27.0,27.13,27.5,26.95,26.91
2026-09-17 11:00,1,26.7,25.74,26.31,26.3,28.3,28.57,29.6,28.35,28.3
2026-09-17 12:00,1,27.8,26.61,27.57,27.27,29.3,29.67,31.0,29.5,29.43
2026-09-17 13:00,1,28.3,27.11,28.41,27.85,30.3,30.63,32.1,30.61,30.53
2026-09-17 14:00,1,28.9,27.31,28.73,28.13,30.9,31.23,32.9,31.38,31.27
2026-09-17 15:00,1,30.0,27.42,28.53,28.3,31.1,31.53,33.4,31.8,31.7
2026-09-17 16:00,1,30.0,27.22,27.89,28.15,31.0,31.5,33.4,31.89,31.78
2026-09-17 17:00,1,29.4,26.66,26.94,27.61,30.4,30.83,33.0,31.35,31.26
2026-09-17 18:00,1,28.3,25.24,25.85,26.19,28.1,28.5,30.9,29.12,29.04
2026-09-17 19:00,1,25.6,23.23,24.76,24.16,26.2,26.6,28.6,27.24,27.13
2026-09-17 20:00,1,24.4,22.12,23.78,23.01,25.6,25.83,27.2,26.48,26.35
2026-09-17 21:00,1,22.2,21.44,22.96,22.3,25.0,25.03,26.0,25.67,25.56
2026-09-17 22:00,1,21.7,20.76,22.28,21.58,24.3,24.37,25.3,24.89,24.78
2026-09-17 23:00,1,21.1,20.26,21.7,21.04,23.6,23.77,24.7,24.16,24.05
2026-09-18 00:00,2,20.0,19.92,21.16,20.52,23.3,23.3,24.5,23.53,23.57
2026-09-18 01:00,2,19.4,19.48,20.63,20.04,23.1,23.0,23.8,23.21,23.26
2026-09-18 02:00,2,18.9,19.18,20.11,19.68,22.9,22.8,23.3,22.99,23.04
2026-09-18 03:00,2,17.8,18.85,19.65,19.31,22.7,22.53,22.8,22.73,22.78
2026-09-18 04:00,2,17.2,18.66,19.36,19.08,22.3,22.17,22.3,22.32,22.38
2026-09-18 05:00,2,16.1,18.4,19.33,18.76,22.0,21.9,21.9,22.0,22.06
2026-09-18 06:00,2,16.1,18.29,19.67,18.62,21.8,21.7,21.9,21.74,21.79
2026-09-18 07:00,2,17.2,19.03,20.44,19.34,22.6,22.67,22.7,22.56,22.6
2026-09-18 08:00,2,20.6,21.05,21.6,21.36,25.1,25.17,23.1,24.95,25.01
2026-09-18 09:00,2,22.8,22.85,23.05,23.18,27.9,27.93,23.7,27.64,27.71
2026-09-18 10:00,2,25.6,24.52,24.65,24.89,30.1,30.33,26.3,29.92,30.01
2026-09-18 11:00,2,26.7,25.74,26.18,26.19,31.5,31.9,30.1,31.46,31.54
2026-09-18 12:00,2,27.8,26.63,27.44,27.16,32.4,32.87,33.6,32.5,32.58
2026-09-18 13:00,2,28.3,27.13,28.27,27.73,33.1,33.47,35.2,33.28,33.36
2026-09-18 14:00,2,28.9,27.3,28.59,27.99,33.5,32.03,34.7,32.74,32.8
2026-09-18 15:00,2,30.0,27.4,28.39,28.16,33.4,31.63,32.4,32.64,32.71
2026-09-18 16:00,2,30.0,27.11,27.75,27.91,33.2,30.93,29.9,32.29,32.36
2026-09-18 17:00,2,29.4,26.5,26.81,27.32,28.4,27.13,29.3,28.28,28.32
2026-09-18 18:00,2,28.3,25.03,25.72,25.85,27.2,25.5,27.8,26.87,26.9
2026-09-18 19:00,2,25.6,23.08,24.63,23.88,24.7,24.57,27.0,25.34,25.36
2026-09-18 20:00,2,24.4,22.04,23.65,22.81,24.8,24.33,26.0,25.15,25.18
2026-09-18 21:00,2,22.2,21.4,22.82,22.13,24.5,24.0,26.0,24.72,24.75
2026-09-18 22:00,2,21.7,20.76,22.14,21.44,23.8,23.6,24.5,24.09,24.13
2026-09-18 23:00,2,21.1,20.3,21.56,20.94,23.4,23.17,23.6,23.56,23.61
2026-09-19 00:00,3,20.0,19.97,21.02,20.51,23.1,22.87,23.1,23.09,23.1
2026-09-19 01:00,3,19.4,19.49,20.49,19.98,22.9,22.67,22.4,22.83,22.85
2026-09-19 02:00,3,18.9,19.18,19.97,19.62,22.8,22.53,22.0,22.67,22.69
2026-09-19 03:00,3,17.8,18.8,19.52,19.18,22.8,22.57,21.8,22.66,22.68
2026-09-19 04:00,3,17.2,18.59,19.22,18.93,22.7,22.57,21.5,22.59,22.61
2026-09-19 05:00,3,16.1,18.3,19.19,18.59,22.6,22.53,21.2,22.49,22.5
2026-09-19 06:00,3,16.1,18.23,19.54,18.48,22.5,22.37,20.9,22.28,22.28
2026-09-19 07:00,3,17.2,18.94,20.3,19.18,22.8,22.23,21.7,22.21,22.21
2026-09-19 08:00,3,20.6,20.92,21.46,21.15,23.2,22.5,23.6,22.46,22.47
2026-09-19 09:00,3,22.8,22.7,22.92,22.95,24.4,23.27,26.2,23.31,23.33
2026-09-19 10:00,3,25.6,24.33,24.51,24.63,25.7,24.17,26.5,24.32,24.35
2026-09-19 11:00,3,26.7,25.57,26.04,25.94,27.3,25.53,24.5,25.8,25.82
2026-09-19 12:00,3,27.8,26.46,27.3,26.92,28.2,26.33,24.7,26.73,26.75
2026-09-19 13:00,3,28.3,26.99,28.13,27.54,25.1,25.9,24.6,25.68,25.69
2026-09-19 14:00,3,28.9,27.24,28.45,27.87,27.5,26.8,26.2,27.19,27.2
2026-09-19 15:00,3,30.0,27.29,28.26,27.98,27.6,26.6,27.9,27.26,27.27
2026-09-19 16:00,3,30.0,26.98,27.62,27.72,27.5,26.27,27.4,27.15,27.17
2026-09-19 17:00,3,29.4,26.39,26.67,27.15,26.8,25.5,26.4,26.51,26.54
2026-09-19 18:00,3,28.3,24.88,25.58,25.64,25.7,24.53,25.0,25.55,25.57
2026-09-19 19:00,3,25.6,22.96,24.49,23.7,24.8,23.77,24.4,24.72,24.72
2026-09-19 20:00,3,24.4,22.05,23.51,22.76,23.9,23.23,24.4,24.01,24.01
2026-09-19 21:00,3,22.2,21.36,22.68,22.03,23.3,22.93,23.7,23.51,23.52
2026-09-19 22:00,3,21.7,20.81,22.0,21.43,22.8,22.63,23.2,23.04,23.05
2026-09-19 23:00,3,21.1,20.33,21.42,20.91,22.1,22.03,23.0,22.31,22.32
2026-09-20 00:00,4,20.0,19.88,20.89,20.41,21.7,21.47,23.0,21.75,21.74
2026-09-20 01:00,4,19.4,19.36,20.35,19.84,21.4,21.07,22.8,21.34,21.32
2026-09-20 02:00,4,18.9,19.08,19.83,19.51,21.4,20.93,22.5,21.2,21.19
2026-09-20 03:00,4,17.8,18.61,19.38,18.99,21.7,21.0,22.2,21.31,21.28
2026-09-20 04:00,4,17.2,18.37,19.08,18.7,22.0,21.1,21.9,21.43,21.4
2026-09-20 05:00,4,16.1,18.09,19.06,18.38,22.0,21.0,21.2,21.31,21.27
2026-09-20 06:00,4,16.1,18.05,19.4,18.3,22.0,20.93,21.1,21.22,21.16
2026-09-20 07:00,4,17.2,18.7,20.16,18.93,22.4,21.4,21.2,21.59,21.53
2026-09-20 08:00,4,20.6,20.65,21.32,20.88,23.4,22.67,22.6,22.66,22.65
2026-09-20 09:00,4,22.8,22.39,22.78,22.64,24.9,24.47,25.4,24.28,24.27
2026-09-20 10:00,4,25.6,23.97,24.37,24.27,26.2,26.07,27.5,25.75,25.74
2026-09-20 11:00,4,26.7,25.24,25.9,25.61,27.0,27.2,26.6,26.79,26.79
2026-09-20 12:00,4,27.8,26.12,27.16,26.58,27.6,28.13,28.0,27.69,27.67
2026-09-20 13:00,4,28.3,26.74,28.0,27.28,28.3,28.87,29.8,28.55,28.52
2026-09-20 14:00,4,28.9,27.03,28.32,27.65,29.1,29.4,30.9,29.35,29.32
2026-09-20 15:00,4,30.0,27.06,28.12,27.75,30.0,29.73,31.2,30.07,30.04
2026-09-20 16:00,4,30.0,26.76,27.48,27.5,30.3,29.6,30.4,30.25,30.22
2026-09-20 17:00,4,29.4,26.14,26.53,26.9,29.4,28.47,28.3,29.33,29.31
2026-09-20 18:00,4,28.3,24.63,25.44,25.39,27.9,26.83,26.9,27.82,27.79
2026-09-20 19:00,4,25.6,22.63,24.35,23.37,26.6,25.47,26.1,26.49,26.42
2026-09-20 20:00,4,24.4,21.72,23.37,22.43,25.9,24.7,25.6,25.7,25.63
2026-09-20 21:00,4,22.2,21.04,22.54,21.71,25.4,24.23,25.0,25.13,25.06
2026-09-20 22:00,4,21.7,20.51,21.86,21.13,25.0,23.9,24.8,24.67,24.6
2026-09-20 23:00,4,21.1,20.04,21.28,20.61,24.5,23.53,24.6,24.15,24.09
2026-09-21 00:00,5,20.0,19.58,20.75,20.11,24.0,23.23,24.4,23.67,23.54
2026-09-21 01:00,5,19.4,19.12,20.21,19.6,23.6,23.0,23.0,23.31,23.17
2026-09-21 02:00,5,18.9,18.77,19.69,19.2,23.3,22.73,22.6,22.99,22.86
2026-09-21 03:00,5,17.8,18.34,19.24,18.72,23.2,22.47,22.1,22.78,22.64
2026-09-21 04:00,5,17.2,18.14,18.94,18.48,23.1,22.37,21.7,22.64,22.5
2026-09-21 05:00,5,16.1,17.88,18.92,18.18,23.0,22.23,21.5,22.47,22.31
2026-09-21 06:00,5,16.1,17.79,19.26,18.04,23.0,22.3,21.3,22.45,22.26
2026-09-21 07:00,5,17.2,18.41,20.02,18.65,23.6,22.9,22.4,22.97,22.79
2026-09-21 08:00,5,20.6,20.35,21.18,20.59,25.2,24.3,24.5,24.39,24.26
2026-09-21 09:00,5,22.8,22.21,22.64,22.48,27.4,26.27,27.3,26.4,26.29
2026-09-21 10:00,5,25.6,23.83,24.23,24.14,29.2,28.03,29.6,28.18,28.06
2026-09-21 11:00,5,26.7,25.16,25.76,25.54,30.5,29.43,31.4,29.6,29.47
2026-09-21 12:00,5,27.8,26.09,27.02,26.56,31.4,30.47,32.9,30.69,30.54
2026-09-21 13:00,5,28.3,26.78,27.86,27.33,31.4,30.8,33.2,31.04,30.9
2026-09-21 14:00,5,28.9,27.04,28.17,27.67,29.8,30.07,31.9,30.1,29.99
2026-09-21 15:00,5,30.0,27.05,27.98,27.75,27.2,28.7,29.4,28.35,28.3
2026-09-21 16:00,5,30.0,26.75,27.34,27.49,25.1,27.33,27.5,26.79,26.79
2026-09-21 17:00,5,29.4,26.17,26.39,26.94,24.0,26.47,26.9,25.89,25.91
2026-09-21 18:00,5,28.3,24.62,25.3,25.39,23.5,25.57,26.8,25.19,25.17
2026-09-21 19:00,5,25.6,22.58,24.21,23.33,23.2,24.9,26.3,24.65,24.54
2026-09-21 20:00,5,24.4,21.61,23.23,22.32,22.9,24.27,25.0,24.08,23.96
2026-09-21 21:00,5,22.2,20.94,22.4,21.62,22.8,23.7,23.4,23.63,23.52
2026-09-21 22:00,5,21.7,20.41,21.72,21.03,22.8,23.2,22.2,23.26,23.16
2026-09-21 23:00,5,21.1,19.95,21.14,20.53,22.6,22.7,21.8,22.82,22.72
2026-09-22 00:00,6,20.0,19.45,20.6,19.96,22.5,22.3,21.7,22.16,21.98
2026-09-22 01:00,6,19.4,19.0,20.07,19.45,22.5,22.03,21.7,21.96,21.77
2026-09-22 02:00,6,18.9,18.68,19.55,19.08,22.4,21.8,21.7,21.79,21.6
2026-09-22 03:00,6,17.8,18.28,19.1,18.64,22.3,21.63,21.6,21.68,21.46
2026-09-22 04:00,6,17.2,18.09,18.8,18.4,22.3,21.6,21.6,21.67,21.43
2026-09-22 05:00,6,16.1,17.83,18.77,18.09,21.9,21.43,21.6,21.42,21.16
2026-09-22 06:00,6,16.1,17.74,19.12,17.97,22.1,21.63,21.7,21.59,21.28
2026-09-22 07:00,6,17.2,18.36,19.88,18.57,22.4,21.97,21.7,21.88,21.59
2026-09-22 08:00,6,20.6,20.26,21.04,20.47,23.2,22.6,21.8,22.56,22.41
2026-09-22 09:00,6,22.8,22.12,22.5,22.35,24.4,23.63,22.0,23.67,23.6
2026-09-22 10:00,6,25.6,23.74,24.09,24.03,25.8,24.8,22.3,25.0,24.97
2026-09-22 11:00,6,26.7,25.13,25.62,25.48,27.1,25.93,23.2,26.33,26.31
2026-09-22 12:00,6,27.8,26.07,26.88,26.5,28.0,26.73,24.2,27.38,27.35
2026-09-22 13:00,6,28.3,26.75,27.71,27.26,28.4,27.13,24.9,28.03,28.0
2026-09-22 14:00,6,28.9,27.02,28.03,27.62,27.9,26.83,24.9,27.92,27.92
2026-09-22 15:00,6,30.0,27.01,27.83,27.68,26.9,26.13,24.5,27.32,27.38
2026-09-22 16:00,6,30.0,26.69,27.19,27.41,25.5,25.13,24.0,26.31,26.43
2026-09-22 17:00,6,29.4,26.12,26.25,26.86,24.0,24.1,23.4,25.12,25.3
2026-09-22 18:00,6,28.3,24.53,25.16,25.27,22.7,23.1,22.6,23.92,24.04
2026-09-22 19:00,6,25.6,22.54,24.07,23.27,21.9,22.5,21.9,23.06,23.04
2026-09-22 20:00,6,24.4,21.66,23.09,22.35,21.4,22.07,21.4,22.37,22.33
2026-09-22 21:00,6,22.2,20.93,22.26,21.58,21.2,21.83,20.9,21.89,21.84
2026-09-22 22:00,6,21.7,20.43,21.58,21.03,21.1,21.67,20.5,21.53,21.47
2026-09-22 23:00,6,21.1,19.99,21.0,20.54,21.2,21.6,20.1,21.36,21.29
2026-09-23 00:00,7,20.0,19.55,20.46,20.07,21.3,21.57,19.8,21.21,21.07
2026-09-23 01:00,7,19.4,19.13,19.93,19.6,21.3,21.47,19.4,21.1,20.92
2026-09-23 02:00,7,18.9,18.78,19.41,19.21,21.3,21.33,19.1,21.0,20.81
2026-09-23 03:00,7,17.8,18.45,18.95,18.82,21.2,21.13,18.9,20.85,20.63
2026-09-23 04:00,7,17.2,18.28,18.65,18.6,21.2,21.0,18.6,20.77,20.54
2026-09-23 05:00,7,16.1,18.02,18.63,18.3,21.3,20.97,18.4,20.77,20.5
2026-09-23 06:00,7,16.1,17.9,18.97,18.15,21.4,21.0,18.1,20.8,20.49
2026-09-23 07:00,7,17.2,18.46,19.73,18.68,21.8,21.3,18.0,21.11,20.81
2026-09-23 08:00,7,20.6,20.2,20.89,20.43,22.5,21.93,18.1,21.75,21.62
2026-09-23 09:00,7,22.8,21.96,22.35,22.21,23.5,22.97,18.3,22.8,22.77
2026-09-23 10:00,7,25.6,23.4,23.95,23.69,24.6,24.1,18.5,24.0,24.0
2026-09-23 11:00,7,26.7,24.71,25.47,25.07,25.6,25.2,19.0,25.23,25.23
2026-09-23 12:00,7,27.8,25.6,26.73,26.05,26.4,26.03,19.5,26.27,26.24
2026-09-23 13:00,7,28.3,26.32,27.57,26.86,26.8,26.47,19.8,26.94,26.92
2026-09-23 14:00,7,28.9,26.7,27.89,27.31,26.5,26.27,19.9,26.97,27.0
2026-09-23 15:00,7,30.0,26.62,27.69,27.3,25.7,25.7,19.8,26.55,26.63
2026-09-23 16:00,7,30.0,26.37,27.05,27.1,24.7,24.87,19.6,25.8,25.96
2026-09-23 17:00,7,29.4,25.71,26.1,26.46,23.7,24.0,19.4,24.91,25.11
2026-09-23 18:00,7,28.3,24.21,25.01,24.96,22.7,23.13,19.1,23.92,24.02
2026-09-23 19:00,7,25.6,22.47,23.92,23.21,22.1,22.53,18.8,23.12,23.08
2026-09-23 20:00,7,24.4,21.58,22.94,22.28,21.7,22.1,18.7,22.46,22.39
2026-09-23 21:00,7,22.2,20.95,22.11,21.61,21.5,21.77,18.7,21.91,21.84
2026-09-23 22:00,7,21.7,20.41,21.43,21.02,21.5,21.6,18.7,21.56,21.48
2026-09-23 23:00,7,21.1,19.96,20.85,20.52,21.4,21.33,18.8,21.19,21.11
2026-09-24 00:00,8,20.0,19.52,20.31,20.05,21.5,21.23,18.8,21.08,20.92
2026-09-24 01:00,8,19.4,19.18,19.78,19.67,21.5,21.07,18.8,20.89,20.72
2026-09-24 02:00,8,18.9,18.76,19.26,19.2,21.4,20.83,18.6,20.67,20.46
2026-09-24 03:00,8,17.8,18.46,18.81,18.85,21.3,20.6,18.3,20.47,20.25
2026-09-24 04:00,8,17.2,18.29,18.51,18.63,21.2,20.37,18.2,20.27,20.05
2026-09-24 05:00,8,16.1,18.05,18.48,18.34,21.1,20.2,18.2,20.11,19.87
2026-09-24 06:00,8,16.1,17.93,18.83,18.19,21.2,20.27,18.4,20.17,19.87
2026-09-24 07:00,8,17.2,18.43,19.59,18.67,21.5,20.53,19.2,20.43,20.15
2026-09-24 08:00,8,20.6,20.06,20.75,20.3,22.1,21.13,21.1,21.04,20.93
2026-09-24 09:00,8,22.8,21.73,22.21,21.99,23.0,22.07,23.6,22.01,22.02
2026-09-24 10:00,8,25.6,23.15,23.8,23.46,24.0,23.2,25.9,23.22,23.25
2026-09-24 11:00,8,26.7,24.43,25.33,24.81,25.0,24.3,28.0,24.46,24.5
2026-09-24 12:00,8,27.8,25.34,26.59,25.8,25.7,25.17,29.8,25.52,25.53
2026-09-24 13:00,8,28.3,26.08,27.42,26.62,26.1,25.7,30.6,26.28,26.29
2026-09-24 14:00,8,28.9,26.48,27.74,27.11,25.9,25.7,29.9,26.49,26.54
2026-09-24 15:00,8,30.0,26.43,27.54,27.12,25.4,25.43,28.2,26.38,26.45
2026-09-24 16:00,8,30.0,26.15,26.9,26.89,24.6,24.93,26.8,25.93,26.04
2026-09-24 17:00,8,29.4,25.47,25.96,26.24,23.7,24.33,26.2,25.27,25.38
2026-09-24 18:00,8,28.3,24.04,24.86,24.81,22.9,23.7,25.7,24.51,24.5
2026-09-24 19:00,8,25.6,22.4,23.78,23.15,22.2,23.17,25.2,23.75,23.58
2026-09-24 20:00,8,24.4,21.54,22.79,22.25,21.5,22.53,24.4,22.87,22.71
2026-09-24 21:00,8,22.2,20.85,21.97,21.53,20.9,21.9,23.4,22.01,21.87
2026-09-24 22:00,8,21.7,20.47,21.28,21.1,20.3,21.23,22.7,21.15,21.09
2026-09-24 23:00,8,21.1,20.08,20.7,20.66,19.7,20.53,22.8,20.32,20.33
2026-09-25 00:00,9,20.0,19.61,20.17,20.11,19.2,19.97,23.3,19.73,19.74
2026-09-25 01:00,9,19.4,19.27,19.64,19.72,18.8,19.5,23.1,19.22,19.26
2026-09-25 02:00,9,18.9,18.88,19.11,19.29,18.5,19.03,21.6,18.77,18.83
2026-09-25 03:00,9,17.8,18.56,18.66,18.92,18.2,18.6,19.5,18.38,18.45
2026-09-25 04:00,9,17.2,18.36,18.36,18.67,17.9,18.17,18.1,17.99,18.1
2026-09-25 05:00,9,16.1,18.09,18.34,18.35,17.8,17.93,17.8,17.8,17.87
2026-09-25 06:00,9,16.1,17.96,18.68,18.19,17.9,17.97,18.2,17.85,17.86
2026-09-25 07:00,9,17.2,18.46,19.44,18.67,18.3,18.37,19.2,18.24,18.26
2026-09-25 08:00,9,20.6,20.1,20.6,20.31,19.0,19.23,21.1,19.08,19.28
2026-09-25 09:00,9,22.8,21.74,22.06,21.97,20.1,20.67,23.6,20.47,20.72
2026-09-25 10:00,9,25.6,23.19,23.65,23.47,21.4,22.33,25.6,22.13,22.33
2026-09-25 11:00,9,26.7,24.36,25.18,24.71,22.7,23.97,26.9,23.83,23.9
2026-09-25 12:00,9,27.8,25.29,26.44,25.72,23.7,25.27,27.8,25.25,25.22
2026-09-25 13:00,9,28.3,26.02,27.27,26.54,24.2,26.0,28.3,26.17,26.1
2026-09-25 14:00,9,28.9,26.45,27.59,27.05,24.1,25.93,28.7,26.35,26.35
2026-09-25 15:00,9,30.0,26.38,27.39,27.04,23.7,25.47,28.8,26.11,26.17
2026-09-25 16:00,9,30.0,26.18,26.75,26.89,23.0,24.67,28.3,25.47,25.65
2026-09-25 17:00,9,29.4,25.51,25.81,26.25,22.1,23.63,26.9,24.5,24.76
2026-09-25 18:00,9,28.3,24.1,24.72,24.84,21.3,22.73,24.9,23.54,23.71
2026-09-25 19:00,9,25.6,22.5,23.63,23.22,20.6,21.97,23.0,22.62,22.62
2026-09-25 20:00,9,24.4,21.62,22.64,22.31,19.9,21.3,21.6,21.72,21.73
2026-09-25 21:00,9,22.2,20.89,21.82,21.53,19.2,20.63,20.4,20.81,20.85
2026-09-25 22:00,9,21.7,20.56,21.14,21.15,18.4,20.0,19.5,19.93,20.07
2026-09-25 23:00,9,21.1,20.13,20.55,20.68,17.8,19.4,19.2,19.16,19.37
2026-09-26 00:00,10,20.0,19.68,20.02,20.16,17.2,18.9,19.3,18.39,18.79
2026-09-26 01:00,10,19.4,19.29,19.49,19.73,16.7,18.5,19.2,17.95,18.35
2026-09-26 02:00,10,18.9,18.95,18.96,19.33,16.3,18.13,18.7,17.59,17.98
2026-09-26 03:00,10,17.8,18.66,18.51,19.0,16.0,17.8,18.1,17.28,17.67
2026-09-26 04:00,10,17.2,18.45,18.21,18.74,15.8,17.53,17.4,17.03,17.43
2026-09-26 05:00,10,16.1,18.17,18.19,18.41,15.7,17.4,16.6,16.9,17.22
2026-09-26 06:00,10,16.1,18.04,18.53,18.25,15.7,17.5,15.8,16.95,17.18
2026-09-26 07:00,10,17.2,18.51,19.29,18.7,16.1,17.9,15.5,17.33,17.57
2026-09-26 08:00,10,20.6,20.02,20.45,20.21,16.9,18.8,16.3,18.2,18.63
2026-09-26 09:00,10,22.8,21.61,21.91,21.83,18.1,20.17,17.6,19.55,20.06
2026-09-26 10:00,10,25.6,23.09,23.5,23.35,19.6,21.8,18.9,21.23,21.68
2026-09-26 11:00,10,26.7,24.26,25.03,24.59,21.0,23.37,20.1,22.91,23.21
2026-09-26 12:00,10,27.8,25.16,26.29,25.58,22.1,24.63,21.3,24.35,24.49
2026-09-26 13:00,10,28.3,25.89,27.12,26.4,22.7,25.37,22.1,25.29,25.39
2026-09-26 14:00,10,28.9,26.26,27.44,26.84,22.6,25.37,22.5,25.52,25.68
2026-09-26 15:00,10,30.0,26.23,27.24,26.88,22.2,24.97,22.5,25.31,25.55
2026-09-26 16:00,10,30.0,25.98,26.6,26.68,21.4,24.23,21.8,24.66,25.05
2026-09-26 17:00,10,29.4,25.32,25.66,26.04,20.6,23.43,20.1,23.84,24.3
2026-09-26 18:00,10,28.3,23.96,24.56,24.68,19.7,22.57,17.7,22.85,23.19
2026-09-26 19:00,10,25.6,22.38,23.48,23.08,19.0,21.87,15.7,21.95,22.06
2026-09-26 20:00,10,24.4,21.55,22.49,22.22,18.4,21.27,14.8,21.11,21.22
2026-09-26 21:00,10,22.2,20.9,21.67,21.52,17.8,20.6,14.4,20.24,20.41
2026-09-26 22:00,10,21.7,20.52,20.98,21.1,17.1,19.93,13.9,19.38,19.69
2026-09-26 23:00,10,21.1,20.13,20.4,20.66,16.5,19.27,13.1,18.61,19.02
2026-09-27 00:00,11,20.0,19.79,19.87,20.29,16.0,18.73,12.2,18.32,18.97
2026-09-27 01:00,11,19.4,19.45,19.33,19.91,15.6,18.3,11.3,17.84,18.54
2026-09-27 02:00,11,18.9,19.13,18.81,19.54,15.1,17.87,10.4,17.39,18.13
2026-09-27 03:00,11,17.8,18.88,18.36,19.24,14.7,17.5,9.5,17.02,17.8
2026-09-27 04:00,11,17.2,18.75,18.06,19.06,14.3,17.13,8.9,16.67,17.51
2026-09-27 05:00,11,16.1,18.48,18.03,18.75,14.1,16.97,8.5,16.5,17.28
2026-09-27 06:00,11,16.1,18.31,18.38,18.54,14.0,17.0,8.4,16.53,17.18
2026-09-27 07:00,11,17.2,18.76,19.14,18.98,14.3,17.4,9.1,16.92,17.57
2026-09-27 08:00,11,20.6,20.12,20.3,20.34,15.0,18.23,11.5,17.76,18.61
2026-09-27 09:00,11,22.8,21.66,21.76,21.89,16.2,19.63,14.7,19.18,20.08
2026-09-27 10:00,11,25.6,23.13,23.35,23.41,17.6,21.23,17.4,20.85,21.69
2026-09-27 11:00,11,26.7,24.25,24.88,24.6,18.9,22.77,19.1,22.5,23.14
2026-09-27 12:00,11,27.8,25.17,26.14,25.61,20.0,24.0,20.2,23.93,24.39
2026-09-27 13:00,11,28.3,25.89,26.97,26.41,20.6,24.73,20.9,24.88,25.29
2026-09-27 14:00,11,28.9,26.2,27.29,26.8,20.5,24.67,21.2,25.07,25.55
2026-09-27 15:00,11,30.0,26.2,27.09,26.87,20.0,24.2,21.1,24.81,25.43
2026-09-27 16:00,11,30.0,25.96,26.45,26.68,19.2,23.43,20.3,24.16,24.97
2026-09-27 17:00,11,29.4,25.27,25.5,26.01,18.3,22.47,18.6,23.21,24.14
2026-09-27 18:00,11,28.3,23.89,24.41,24.63,17.4,21.53,16.2,22.19,22.96
2026-09-27 19:00,11,25.6,22.35,23.32,23.07,16.7,20.83,14.2,21.3,21.79
2026-09-27 20:00,11,24.4,21.54,22.34,22.22,16.0,20.17,13.2,20.39,20.92
2026-09-27 21:00,11,22.2,20.94,21.51,21.59,15.4,19.57,12.6,19.56,20.17
2026-09-27 22:00,11,21.7,20.57,20.83,21.17,14.7,18.93,12.0,18.72,19.51
2026-09-27 23:00,11,21.1,20.17,20.25,20.72,14.0,18.3,11.1,17.94,18.86
2026-09-28 00:00,12,20.0,19.83,19.71,20.37,13.5,17.83,10.2,17.44,18.6
2026-09-28 01:00,12,19.4,19.43,19.18,19.93,13.1,17.4,9.4,16.95,18.13
2026-09-28 02:00,12,18.9,19.12,18.66,19.57,12.7,16.97,8.9,16.49,17.74
2026-09-28 03:00,12,17.8,18.86,18.2,19.26,12.3,16.53,8.6,16.07,17.38
2026-09-28 04:00,12,17.2,18.74,17.91,19.09,12.0,16.17,8.5,15.73,17.13
2026-09-28 05:00,12,16.1,18.49,17.88,18.8,11.8,15.93,8.4,15.53,16.86
2026-09-28 06:00,12,16.1,18.3,18.22,18.57,12.0,16.03,8.5,15.66,16.8
2026-09-28 07:00,12,17.2,18.7,18.98,18.95,12.6,16.53,9.2,16.19,17.24
2026-09-28 08:00,12,20.6,20.02,20.14,20.27,13.8,17.6,11.2,17.28,18.45
2026-09-28 09:00,12,22.8,21.45,21.6,21.72,15.6,19.27,13.8,18.98,20.04
2026-09-28 10:00,12,25.6,22.84,23.19,23.16,17.7,21.23,16.0,21.0,21.79
2026-09-28 11:00,12,26.7,23.91,24.72,24.3,19.8,23.17,17.5,23.05,23.4
2026-09-28 12:00,12,27.8,24.82,25.98,25.29,21.5,24.7,18.7,24.77,24.77
2026-09-28 13:00,12,28.3,25.46,26.82,26.02,22.4,25.57,19.4,25.86,25.69
2026-09-28 14:00,12,28.9,25.87,27.13,26.51,22.5,25.63,19.9,26.18,26.09
2026-09-28 15:00,12,30.0,25.89,26.93,26.6,21.9,25.13,20.0,25.88,25.99
2026-09-28 16:00,12,30.0,25.67,26.29,26.43,21.0,24.3,19.4,25.17,25.55
2026-09-28 17:00,12,29.4,24.92,25.35,25.7,19.9,23.27,17.8,24.16,24.68
2026-09-28 18:00,12,28.3,23.51,24.26,24.29,18.8,22.27,15.5,23.06,23.41
2026-09-28 19:00,12,25.6,22.02,23.17,22.78,18.0,21.53,13.6,22.13,22.18
2026-09-28 20:00,12,24.4,21.22,22.19,21.94,17.3,20.9,12.5,21.24,21.33
2026-09-28 21:00,12,22.2,20.63,21.36,21.32,16.6,20.3,11.8,20.38,20.59
2026-09-28 22:00,12,21.7,20.28,20.68,20.91,16.0,19.7,11.2,19.56,19.98
2026-09-28 23:00,12,21.1,19.85,20.1,20.43,15.4,19.17,10.9,18.85,19.38
2026-09-29 00:00,13,20.0,19.48,19.56,20.02,14.8,18.7,10.8,18.45,19.12
2026-09-29 01:00,13,19.4,19.09,19.03,19.57,14.5,18.37,10.5,18.06,18.7
2026-09-29 02:00,13,18.9,18.76,18.51,19.2,14.1,17.97,10.1,17.64,18.31
2026-09-29 03:00,13,17.8,18.39,18.05,18.78,13.7,17.63,9.5,17.29,17.91
2026-09-29 04:00,13,17.2,18.29,17.75,18.63,13.5,17.37,9.1,17.03,17.73
2026-09-29 05:00,13,16.1,18.07,17.73,18.37,13.4,17.23,8.7,16.9,17.52
2026-09-29 06:00,13,16.1,17.89,18.07,18.16,13.5,17.3,8.4,16.98,17.4
2026-09-29 07:00,13,17.2,18.28,18.83,18.52,14.0,17.67,8.9,17.39,17.77
2026-09-29 08:00,13,20.6,19.62,19.99,19.87,14.9,18.47,11.0,18.24,18.93
2026-09-29 09:00,13,22.8,21.1,21.45,21.37,16.5,19.73,13.9,19.6,20.4
2026-09-29 10:00,13,25.6,22.56,23.04,22.88,18.2,21.17,16.4,21.18,21.95
2026-09-29 11:00,13,26.7,23.65,24.57,24.03,20.0,22.63,18.3,22.85,23.34
2026-09-29 12:00,13,27.8,24.57,25.83,25.03,21.3,23.73,19.7,24.21,24.49
2026-09-29 13:00,13,28.3,25.23,26.66,25.78,22.1,24.37,20.7,25.12,25.32
2026-09-29 14:00,13,28.9,25.58,26.98,26.21,22.1,24.33,21.3,25.36,25.67
2026-09-29 15:00,13,30.0,25.6,26.78,26.3,21.6,23.87,21.4,25.11,25.63
2026-09-29 16:00,13,30.0,25.4,26.14,26.15,20.8,23.13,20.6,24.48,25.29
2026-09-29 17:00,13,29.4,24.57,25.19,25.34,19.8,22.23,18.5,23.58,24.44
2026-09-29 18:00,13,28.3,23.07,24.1,23.84,18.8,21.4,15.6,22.61,23.13
2026-09-29 19:00,13,25.6,21.61,23.01,22.36,18.1,20.77,13.2,21.75,21.89
2026-09-29 20:00,13,24.4,20.78,22.03,21.5,17.5,20.27,12.1,20.97,21.07
2026-09-29 21:00,13,22.2,20.22,21.2,20.9,17.0,19.8,11.5,20.23,20.42
2026-09-29 22:00,13,21.7,19.88,20.52,20.51,16.5,19.4,10.9,19.59,19.92
2026-09-29 23:00,13,21.1,19.46,19.94,20.05,16.1,19.0,10.3,19.02,19.42
2026-09-30 00:00,14,20.0,19.1,19.4,19.62,15.7,18.7,9.6,18.85,19.59
2026-09-30 01:00,14,19.4,18.62,18.87,19.09,15.4,18.43,9.1,18.48,19.12
2026-09-30 02:00,14,18.9,18.33,18.35,18.75,15.1,18.2,8.7,18.18,18.8
2026-09-30 03:00,14,17.8,17.93,17.89,18.3,14.8,18.0,8.3,17.94,18.42
2026-09-30 04:00,14,17.2,17.78,17.59,18.1,14.6,17.87,8.2,17.78,18.23
2026-09-30 05:00,14,16.1,17.53,17.57,17.81,14.5,17.8,8.1,17.71,17.99
2026-09-30 06:00,14,16.1,17.36,17.91,17.61,14.6,17.83,8.2,17.77,17.84
2026-09-30 07:00,14,17.2,17.73,18.67,17.95,15.0,17.55,9.3,17.66,18.02
2026-09-30 08:00,14,20.6,19.21,19.83,19.44,15.7,18.1,12.3,18.32,19.28
2026-09-30 09:00,14,22.8,20.78,21.29,21.03,16.9,19.0,16.4,19.36,20.71
2026-09-30 10:00,14,25.6,22.3,22.88,22.59,18.3,20.05,19.8,20.61,22.18
2026-09-30 11:00,14,26.7,23.47,24.41,23.83,19.6,21.05,22.2,21.86,23.41
2026-09-30 12:00,14,27.8,24.41,25.67,24.85,20.7,21.9,24.0,23.0,24.44
2026-09-30 13:00,14,28.3,25.08,26.5,25.61,21.4,22.4,25.2,23.8,25.21
2026-09-30 14:00,14,28.9,25.42,26.82,26.03,21.5,22.45,26.0,24.12,25.61
2026-09-30 15:00,14,30.0,25.47,26.62,26.15,21.2,22.15,26.2,24.03,25.67
2026-09-30 16:00,14,30.0,25.24,25.98,25.97,20.7,21.7,25.4,23.65,25.46
2026-09-30 17:00,14,29.4,24.39,25.04,25.14,20.1,21.2,23.0,23.09,24.71
2026-09-30 18:00,14,28.3,22.7,23.94,23.46,19.5,20.7,19.6,22.41,23.28
2026-09-30 19:00,14,25.6,21.19,22.85,21.92,19.1,19.1,16.9,20.76,21.67
2026-09-30 20:00,14,24.4,20.38,21.87,21.08,18.7,18.7,15.9,20.05,20.88
2026-09-30 21:00,14,22.2,19.73,21.04,20.39,18.2,18.2,15.5,19.27,20.17
2026-09-30 22:00,14,21.7,19.47,20.36,20.08,17.8,17.8,15.1,18.62,19.78
2026-09-30 23:00,14,21.1,19.14,19.78,19.7,17.4,17.4,14.3,18.03,19.36
