hour_local,hour_utc,lead_day,temperature_forecast_c,climatology_c,historical_average_c,ecmwf_raw_c
2026-09-17 00:00,2026-09-17T04:00Z,1,20.5,19.9,20.02,19.9
2026-09-17 01:00,2026-09-17T05:00Z,1,20.12,19.47,19.61,19.6
2026-09-17 02:00,2026-09-17T06:00Z,1,19.72,19.05,19.28,19.3
2026-09-17 03:00,2026-09-17T07:00Z,1,19.41,18.69,18.96,19.0
2026-09-17 04:00,2026-09-17T08:00Z,1,19.06,18.5,18.68,18.7
2026-09-17 05:00,2026-09-17T09:00Z,1,18.7,18.57,18.42,18.4
2026-09-17 06:00,2026-09-17T10:00Z,1,18.47,19.0,18.31,18.3
2026-09-17 07:00,2026-09-17T11:00Z,1,19.91,19.84,19.07,19.8
2026-09-17 08:00,2026-09-17T12:00Z,1,22.25,21.06,21.06,22.2
2026-09-17 09:00,2026-09-17T13:00Z,1,24.91,22.55,22.86,25.0
2026-09-17 10:00,2026-09-17T14:00Z,1,26.91,24.14,24.5,27.0
2026-09-17 11:00,2026-09-17T15:00Z,1,28.3,25.62,25.74,28.3
2026-09-17 12:00,2026-09-17T16:00Z,1,29.43,26.8,26.61,29.3
2026-09-17 13:00,2026-09-17T17:00Z,1,30.53,27.52,27.11,30.3
2026-09-17 14:00,2026-09-17T18:00Z,1,31.27,27.69,27.31,30.9
2026-09-17 15:00,2026-09-17T19:00Z,1,31.7,27.34,27.42,31.1
2026-09-17 16:00,2026-09-17T20:00Z,1,31.78,26.54,27.22,31.0
2026-09-17 17:00,2026-09-17T21:00Z,1,31.26,25.46,26.66,30.4
2026-09-17 18:00,2026-09-17T22:00Z,1,29.04,24.27,25.24,28.1
2026-09-17 19:00,2026-09-17T23:00Z,1,27.13,23.12,23.23,26.2
2026-09-17 20:00,2026-09-18T00:00Z,1,26.35,22.12,22.12,25.6
2026-09-17 21:00,2026-09-18T01:00Z,1,25.56,21.31,21.44,25.0
2026-09-17 22:00,2026-09-18T02:00Z,1,24.78,20.69,20.76,24.3
2026-09-17 23:00,2026-09-18T03:00Z,1,24.05,20.18,20.26,23.6
2026-09-18 00:00,2026-09-18T04:00Z,2,23.57,19.74,19.92,23.3
2026-09-18 01:00,2026-09-18T05:00Z,2,23.26,19.31,19.48,23.1
2026-09-18 02:00,2026-09-18T06:00Z,2,23.04,18.89,19.18,22.9
2026-09-18 03:00,2026-09-18T07:00Z,2,22.78,18.54,18.85,22.7
2026-09-18 04:00,2026-09-18T08:00Z,2,22.38,18.34,18.66,22.3
2026-09-18 05:00,2026-09-18T09:00Z,2,22.06,18.41,18.4,22.0
2026-09-18 06:00,2026-09-18T10:00Z,2,21.79,18.85,18.29,21.8
2026-09-18 07:00,2026-09-18T11:00Z,2,22.6,19.68,19.03,22.6
2026-09-18 08:00,2026-09-18T12:00Z,2,25.01,20.9,21.05,25.1
2026-09-18 09:00,2026-09-18T13:00Z,2,27.71,22.39,22.85,27.9
2026-09-18 10:00,2026-09-18T14:00Z,2,30.01,23.98,24.52,30.1
2026-09-18 11:00,2026-09-18T15:00Z,2,31.54,25.46,25.74,31.5
2026-09-18 12:00,2026-09-18T16:00Z,2,32.58,26.64,26.63,32.4
2026-09-18 13:00,2026-09-18T17:00Z,2,33.36,27.35,27.13,33.1
2026-09-18 14:00,2026-09-18T18:00Z,2,32.8,27.53,27.3,33.5
2026-09-18 15:00,2026-09-18T19:00Z,2,32.71,27.17,27.4,33.4
2026-09-18 16:00,2026-09-18T20:00Z,2,32.36,26.37,27.11,33.2
2026-09-18 17:00,2026-09-18T21:00Z,2,28.32,25.3,26.5,28.4
2026-09-18 18:00,2026-09-18T22:00Z,2,26.9,24.1,25.03,27.2
2026-09-18 19:00,2026-09-18T23:00Z,2,25.36,22.95,23.08,24.7
2026-09-18 20:00,2026-09-19T00:00Z,2,25.18,21.95,22.04,24.8
2026-09-18 21:00,2026-09-19T01:00Z,2,24.75,21.15,21.4,24.5
2026-09-18 22:00,2026-09-19T02:00Z,2,24.13,20.52,20.76,23.8
2026-09-18 23:00,2026-09-19T03:00Z,2,23.61,20.02,20.3,23.4
2026-09-19 00:00,2026-09-19T04:00Z,3,23.1,19.58,19.97,23.1
2026-09-19 01:00,2026-09-19T05:00Z,3,22.85,19.15,19.49,22.9
2026-09-19 02:00,2026-09-19T06:00Z,3,22.69,18.74,19.18,22.8
2026-09-19 03:00,2026-09-19T07:00Z,3,22.68,18.38,18.8,22.8
2026-09-19 04:00,2026-09-19T08:00Z,3,22.61,18.19,18.59,22.7
2026-09-19 05:00,2026-09-19T09:00Z,3,22.5,18.26,18.3,22.6
2026-09-19 06:00,2026-09-19T10:00Z,3,22.28,18.69,18.23,22.5
2026-09-19 07:00,2026-09-19T11:00Z,3,22.21,19.53,18.94,22.8
2026-09-19 08:00,2026-09-19T12:00Z,3,22.47,20.74,20.92,23.2
2026-09-19 09:00,2026-09-19T13:00Z,3,23.33,22.23,22.7,24.4
2026-09-19 10:00,2026-09-19T14:00Z,3,24.35,23.82,24.33,25.7
2026-09-19 11:00,2026-09-19T15:00Z,3,25.82,25.3,25.57,27.3
2026-09-19 12:00,2026-09-19T16:00Z,3,26.75,26.47,26.46,28.2
2026-09-19 13:00,2026-09-19T17:00Z,3,25.69,27.18,26.99,25.1
2026-09-19 14:00,2026-09-19T18:00Z,3,27.2,27.36,27.24,27.5
2026-09-19 15:00,2026-09-19T19:00Z,3,27.27,27.0,27.29,27.6
2026-09-19 16:00,2026-09-19T20:00Z,3,27.17,26.2,26.98,27.5
2026-09-19 17:00,2026-09-19T21:00Z,3,26.54,25.12,26.39,26.8
2026-09-19 18:00,2026-09-19T22:00Z,3,25.57,23.93,24.88,25.7
2026-09-19 19:00,2026-09-19T23:00Z,3,24.72,22.78,22.96,24.8
2026-09-19 20:00,2026-09-20T00:00Z,3,24.01,21.79,22.05,23.9
2026-09-19 21:00,2026-09-20T01:00Z,3,23.52,20.98,21.36,23.3
2026-09-19 22:00,2026-09-20T02:00Z,3,23.05,20.36,20.81,22.8
2026-09-19 23:00,2026-09-20T03:00Z,3,22.32,19.86,20.33,22.1
2026-09-20 00:00,2026-09-20T04:00Z,4,21.74,19.42,19.88,21.7
2026-09-20 01:00,2026-09-20T05:00Z,4,21.32,18.99,19.36,21.4
2026-09-20 02:00,2026-09-20T06:00Z,4,21.19,18.58,19.08,21.4
2026-09-20 03:00,2026-09-20T07:00Z,4,21.28,18.23,18.61,21.7
2026-09-20 04:00,2026-09-20T08:00Z,4,21.4,18.03,18.37,22.0
2026-09-20 05:00,2026-09-20T09:00Z,4,21.27,18.1,18.09,22.0
2026-09-20 06:00,2026-09-20T10:00Z,4,21.16,18.53,18.05,22.0
2026-09-20 07:00,2026-09-20T11:00Z,4,21.53,19.37,18.7,22.4
2026-09-20 08:00,2026-09-20T12:00Z,4,22.65,20.58,20.65,23.4
2026-09-20 09:00,2026-09-20T13:00Z,4,24.27,22.07,22.39,24.9
2026-09-20 10:00,2026-09-20T14:00Z,4,25.74,23.65,23.97,26.2
2026-09-20 11:00,2026-09-20T15:00Z,4,26.79,25.13,25.24,27.0
2026-09-20 12:00,2026-09-20T16:00Z,4,27.67,26.3,26.12,27.6
2026-09-20 13:00,2026-09-20T17:00Z,4,28.52,27.02,26.74,28.3
2026-09-20 14:00,2026-09-20T18:00Z,4,29.32,27.19,27.03,29.1
2026-09-20 15:00,2026-09-20T19:00Z,4,30.04,26.83,27.06,30.0
2026-09-20 16:00,2026-09-20T20:00Z,4,30.22,26.03,26.76,30.3
2026-09-20 17:00,2026-09-20T21:00Z,4,29.31,24.95,26.14,29.4
2026-09-20 18:00,2026-09-20T22:00Z,4,27.79,23.76,24.63,27.9
2026-09-20 19:00,2026-09-20T23:00Z,4,26.42,22.61,22.63,26.6
2026-09-20 20:00,2026-09-21T00:00Z,4,25.63,21.62,21.72,25.9
2026-09-20 21:00,2026-09-21T01:00Z,4,25.06,20.81,21.04,25.4
2026-09-20 22:00,2026-09-21T02:00Z,4,24.6,20.19,20.51,25.0
2026-09-20 23:00,2026-09-21T03:00Z,4,24.09,19.69,20.04,24.5
2026-09-21 00:00,2026-09-21T04:00Z,5,23.54,19.26,19.58,24.0
2026-09-21 01:00,2026-09-21T05:00Z,5,23.17,18.83,19.12,23.6
2026-09-21 02:00,2026-09-21T06:00Z,5,22.86,18.42,18.77,23.3
2026-09-21 03:00,2026-09-21T07:00Z,5,22.64,18.07,18.34,23.2
2026-09-21 04:00,2026-09-21T08:00Z,5,22.5,17.87,18.14,23.1
2026-09-21 05:00,2026-09-21T09:00Z,5,22.31,17.94,17.88,23.0
2026-09-21 06:00,2026-09-21T10:00Z,5,22.26,18.37,17.79,23.0
2026-09-21 07:00,2026-09-21T11:00Z,5,22.79,19.21,18.41,23.6
2026-09-21 08:00,2026-09-21T12:00Z,5,24.26,20.42,20.35,25.2
2026-09-21 09:00,2026-09-21T13:00Z,5,26.29,21.9,22.21,27.4
2026-09-21 10:00,2026-09-21T14:00Z,5,28.06,23.49,23.83,29.2
2026-09-21 11:00,2026-09-21T15:00Z,5,29.47,24.96,25.16,30.5
2026-09-21 12:00,2026-09-21T16:00Z,5,30.54,26.13,26.09,31.4
2026-09-21 13:00,2026-09-21T17:00Z,5,30.9,26.84,26.78,31.4
2026-09-21 14:00,2026-09-21T18:00Z,5,29.99,27.01,27.04,29.8
2026-09-21 15:00,2026-09-21T19:00Z,5,28.3,26.65,27.05,27.2
2026-09-21 16:00,2026-09-21T20:00Z,5,26.79,25.86,26.75,25.1
2026-09-21 17:00,2026-09-21T21:00Z,5,25.91,24.78,26.17,24.0
2026-09-21 18:00,2026-09-21T22:00Z,5,25.17,23.59,24.62,23.5
2026-09-21 19:00,2026-09-21T23:00Z,5,24.54,22.44,22.58,23.2
2026-09-21 20:00,2026-09-22T00:00Z,5,23.96,21.44,21.61,22.9
2026-09-21 21:00,2026-09-22T01:00Z,5,23.52,20.64,20.94,22.8
2026-09-21 22:00,2026-09-22T02:00Z,5,23.16,20.02,20.41,22.8
2026-09-21 23:00,2026-09-22T03:00Z,5,22.72,19.53,19.95,22.6
2026-09-22 00:00,2026-09-22T04:00Z,6,21.98,19.09,19.45,22.5
2026-09-22 01:00,2026-09-22T05:00Z,6,21.77,18.67,19.0,22.5
2026-09-22 02:00,2026-09-22T06:00Z,6,21.6,18.25,18.68,22.4
2026-09-22 03:00,2026-09-22T07:00Z,6,21.46,17.9,18.28,22.3
2026-09-22 04:00,2026-09-22T08:00Z,6,21.43,17.71,18.09,22.3
2026-09-22 05:00,2026-09-22T09:00Z,6,21.16,17.78,17.83,21.9
2026-09-22 06:00,2026-09-22T10:00Z,6,21.28,18.21,17.74,22.1
2026-09-22 07:00,2026-09-22T11:00Z,6,21.59,19.04,18.36,22.4
2026-09-22 08:00,2026-09-22T12:00Z,6,22.41,20.26,20.26,23.2
2026-09-22 09:00,2026-09-22T13:00Z,6,23.6,21.74,22.12,24.4
2026-09-22 10:00,2026-09-22T14:00Z,6,24.97,23.32,23.74,25.8
2026-09-22 11:00,2026-09-22T15:00Z,6,26.31,24.79,25.13,27.1
2026-09-22 12:00,2026-09-22T16:00Z,6,27.35,25.96,26.07,28.0
2026-09-22 13:00,2026-09-22T17:00Z,6,28.0,26.67,26.75,28.4
2026-09-22 14:00,2026-09-22T18:00Z,6,27.92,26.84,27.02,27.9
2026-09-22 15:00,2026-09-22T19:00Z,6,27.38,26.48,27.01,26.9
2026-09-22 16:00,2026-09-22T20:00Z,6,26.43,25.68,26.69,25.5
2026-09-22 17:00,2026-09-22T21:00Z,6,25.3,24.6,26.12,24.0
2026-09-22 18:00,2026-09-22T22:00Z,6,24.04,23.41,24.53,22.7
2026-09-22 19:00,2026-09-22T23:00Z,6,23.04,22.26,22.54,21.9
2026-09-22 20:00,2026-09-23T00:00Z,6,22.33,21.27,21.66,21.4
2026-09-22 21:00,2026-09-23T01:00Z,6,21.84,20.47,20.93,21.2
2026-09-22 22:00,2026-09-23T02:00Z,6,21.47,19.85,20.43,21.1
2026-09-22 23:00,2026-09-23T03:00Z,6,21.29,19.36,19.99,21.2
2026-09-23 00:00,2026-09-23T04:00Z,7,21.07,18.92,19.55,21.3
2026-09-23 01:00,2026-09-23T05:00Z,7,20.92,18.5,19.13,21.3
2026-09-23 02:00,2026-09-23T06:00Z,7,20.81,18.09,18.78,21.3
2026-09-23 03:00,2026-09-23T07:00Z,7,20.63,17.74,18.45,21.2
2026-09-23 04:00,2026-09-23T08:00Z,7,20.54,17.55,18.28,21.2
2026-09-23 05:00,2026-09-23T09:00Z,7,20.5,17.62,18.02,21.3
2026-09-23 06:00,2026-09-23T10:00Z,7,20.49,18.05,17.9,21.4
2026-09-23 07:00,2026-09-23T11:00Z,7,20.81,18.88,18.46,21.8
2026-09-23 08:00,2026-09-23T12:00Z,7,21.62,20.09,20.2,22.5
2026-09-23 09:00,2026-09-23T13:00Z,7,22.77,21.57,21.96,23.5
2026-09-23 10:00,2026-09-23T14:00Z,7,24.0,23.15,23.4,24.6
2026-09-23 11:00,2026-09-23T15:00Z,7,25.23,24.62,24.71,25.6
2026-09-23 12:00,2026-09-23T16:00Z,7,26.24,25.79,25.6,26.4
2026-09-23 13:00,2026-09-23T17:00Z,7,26.92,26.49,26.32,26.8
2026-09-23 14:00,2026-09-23T18:00Z,7,27.0,26.66,26.7,26.5
2026-09-23 15:00,2026-09-23T19:00Z,7,26.63,26.3,26.62,25.7
2026-09-23 16:00,2026-09-23T20:00Z,7,25.96,25.5,26.37,24.7
2026-09-23 17:00,2026-09-23T21:00Z,7,25.11,24.42,25.71,23.7
2026-09-23 18:00,2026-09-23T22:00Z,7,24.02,23.23,24.21,22.7
2026-09-23 19:00,2026-09-23T23:00Z,7,23.08,22.09,22.47,22.1
2026-09-23 20:00,2026-09-24T00:00Z,7,22.39,21.09,21.58,21.7
2026-09-23 21:00,2026-09-24T01:00Z,7,21.84,20.3,20.95,21.5
2026-09-23 22:00,2026-09-24T02:00Z,7,21.48,19.68,20.41,21.5
2026-09-23 23:00,2026-09-24T03:00Z,7,21.11,19.19,19.96,21.4
2026-09-24 00:00,2026-09-24T04:00Z,8,20.92,18.75,19.52,21.5
2026-09-24 01:00,2026-09-24T05:00Z,8,20.72,18.33,19.18,21.5
2026-09-24 02:00,2026-09-24T06:00Z,8,20.46,17.92,18.76,21.4
2026-09-24 03:00,2026-09-24T07:00Z,8,20.25,17.57,18.46,21.3
2026-09-24 04:00,2026-09-24T08:00Z,8,20.05,17.38,18.29,21.2
2026-09-24 05:00,2026-09-24T09:00Z,8,19.87,17.45,18.05,21.1
2026-09-24 06:00,2026-09-24T10:00Z,8,19.87,17.88,17.93,21.2
2026-09-24 07:00,2026-09-24T11:00Z,8,20.15,18.71,18.43,21.5
2026-09-24 08:00,2026-09-24T12:00Z,8,20.93,19.92,20.06,22.1
2026-09-24 09:00,2026-09-24T13:00Z,8,22.02,21.4,21.73,23.0
2026-09-24 10:00,2026-09-24T14:00Z,8,23.25,22.98,23.15,24.0
2026-09-24 11:00,2026-09-24T15:00Z,8,24.5,24.45,24.43,25.0
2026-09-24 12:00,2026-09-24T16:00Z,8,25.53,25.61,25.34,25.7
2026-09-24 13:00,2026-09-24T17:00Z,8,26.29,26.32,26.08,26.1
2026-09-24 14:00,2026-09-24T18:00Z,8,26.54,26.48,26.48,25.9
2026-09-24 15:00,2026-09-24T19:00Z,8,26.45,26.12,26.43,25.4
2026-09-24 16:00,2026-09-24T20:00Z,8,26.04,25.32,26.15,24.6
2026-09-24 17:00,2026-09-24T21:00Z,8,25.38,24.24,25.47,23.7
2026-09-24 18:00,2026-09-24T22:00Z,8,24.5,23.05,24.04,22.9
2026-09-24 19:00,2026-09-24T23:00Z,8,23.58,21.91,22.4,22.2
2026-09-24 20:00,2026-09-25T00:00Z,8,22.71,20.91,21.54,21.5
2026-09-24 21:00,2026-09-25T01:00Z,8,21.87,20.12,20.85,20.9
2026-09-24 22:00,2026-09-25T02:00Z,8,21.09,19.5,20.47,20.3
2026-09-24 23:00,2026-09-25T03:00Z,8,20.33,19.01,20.08,19.7
2026-09-25 00:00,2026-09-25T04:00Z,9,19.74,18.58,19.61,19.2
2026-09-25 01:00,2026-09-25T05:00Z,9,19.26,18.16,19.27,18.8
2026-09-25 02:00,2026-09-25T06:00Z,9,18.83,17.75,18.88,18.5
2026-09-25 03:00,2026-09-25T07:00Z,9,18.45,17.41,18.56,18.2
2026-09-25 04:00,2026-09-25T08:00Z,9,18.1,17.21,18.36,17.9
2026-09-25 05:00,2026-09-25T09:00Z,9,17.87,17.28,18.09,17.8
2026-09-25 06:00,2026-09-25T10:00Z,9,17.86,17.71,17.96,17.9
2026-09-25 07:00,2026-09-25T11:00Z,9,18.26,18.54,18.46,18.3
2026-09-25 08:00,2026-09-25T12:00Z,9,19.28,19.75,20.1,19.0
2026-09-25 09:00,2026-09-25T13:00Z,9,20.72,21.23,21.74,20.1
2026-09-25 10:00,2026-09-25T14:00Z,9,22.33,22.8,23.19,21.4
2026-09-25 11:00,2026-09-25T15:00Z,9,23.9,24.27,24.36,22.7
2026-09-25 12:00,2026-09-25T16:00Z,9,25.22,25.43,25.29,23.7
2026-09-25 13:00,2026-09-25T17:00Z,9,26.1,26.14,26.02,24.2
2026-09-25 14:00,2026-09-25T18:00Z,9,26.35,26.3,26.45,24.1
2026-09-25 15:00,2026-09-25T19:00Z,9,26.17,25.94,26.38,23.7
2026-09-25 16:00,2026-09-25T20:00Z,9,25.65,25.14,26.18,23.0
2026-09-25 17:00,2026-09-25T21:00Z,9,24.76,24.06,25.51,22.1
2026-09-25 18:00,2026-09-25T22:00Z,9,23.71,22.87,24.1,21.3
2026-09-25 19:00,2026-09-25T23:00Z,9,22.62,21.73,22.5,20.6
2026-09-25 20:00,2026-09-26T00:00Z,9,21.73,20.73,21.62,19.9
2026-09-25 21:00,2026-09-26T01:00Z,9,20.85,19.94,20.89,19.2
2026-09-25 22:00,2026-09-26T02:00Z,9,20.07,19.33,20.56,18.4
2026-09-25 23:00,2026-09-26T03:00Z,9,19.37,18.84,20.13,17.8
2026-09-26 00:00,2026-09-26T04:00Z,10,18.79,18.41,19.68,17.2
2026-09-26 01:00,2026-09-26T05:00Z,10,18.35,17.99,19.29,16.7
2026-09-26 02:00,2026-09-26T06:00Z,10,17.98,17.58,18.95,16.3
2026-09-26 03:00,2026-09-26T07:00Z,10,17.67,17.24,18.66,16.0
2026-09-26 04:00,2026-09-26T08:00Z,10,17.43,17.04,18.45,15.8
2026-09-26 05:00,2026-09-26T09:00Z,10,17.22,17.11,18.17,15.7
2026-09-26 06:00,2026-09-26T10:00Z,10,17.18,17.54,18.04,15.7
2026-09-26 07:00,2026-09-26T11:00Z,10,17.57,18.37,18.51,16.1
2026-09-26 08:00,2026-09-26T12:00Z,10,18.63,19.58,20.02,16.9
2026-09-26 09:00,2026-09-26T13:00Z,10,20.06,21.05,21.61,18.1
2026-09-26 10:00,2026-09-26T14:00Z,10,21.68,22.63,23.09,19.6
2026-09-26 11:00,2026-09-26T15:00Z,10,23.21,24.09,24.26,21.0
2026-09-26 12:00,2026-09-26T16:00Z,10,24.49,25.25,25.16,22.1
2026-09-26 13:00,2026-09-26T17:00Z,10,25.39,25.95,25.89,22.7
2026-09-26 14:00,2026-09-26T18:00Z,10,25.68,26.12,26.26,22.6
2026-09-26 15:00,2026-09-26T19:00Z,10,25.55,25.75,26.23,22.2
2026-09-26 16:00,2026-09-26T20:00Z,10,25.05,24.95,25.98,21.4
2026-09-26 17:00,2026-09-26T21:00Z,10,24.3,23.87,25.32,20.6
2026-09-26 18:00,2026-09-26T22:00Z,10,23.19,22.69,23.96,19.7
2026-09-26 19:00,2026-09-26T23:00Z,10,22.06,21.54,22.38,19.0
2026-09-26 20:00,2026-09-27T00:00Z,10,21.22,20.55,21.55,18.4
2026-09-26 21:00,2026-09-27T01:00Z,10,20.41,19.76,20.9,17.8
2026-09-26 22:00,2026-09-27T02:00Z,10,19.69,19.15,20.52,17.1
2026-09-26 23:00,2026-09-27T03:00Z,10,19.02,18.66,20.13,16.5
2026-09-27 00:00,2026-09-27T04:00Z,11,18.97,18.23,19.79,16.0
2026-09-27 01:00,2026-09-27T05:00Z,11,18.54,17.82,19.45,15.6
2026-09-27 02:00,2026-09-27T06:00Z,11,18.13,17.41,19.13,15.1
2026-09-27 03:00,2026-09-27T07:00Z,11,17.8,17.06,18.88,14.7
2026-09-27 04:00,2026-09-27T08:00Z,11,17.51,16.87,18.75,14.3
2026-09-27 05:00,2026-09-27T09:00Z,11,17.28,16.94,18.48,14.1
2026-09-27 06:00,2026-09-27T10:00Z,11,17.18,17.37,18.31,14.0
2026-09-27 07:00,2026-09-27T11:00Z,11,17.57,18.2,18.76,14.3
2026-09-27 08:00,2026-09-27T12:00Z,11,18.61,19.4,20.12,15.0
2026-09-27 09:00,2026-09-27T13:00Z,11,20.08,20.88,21.66,16.2
2026-09-27 10:00,2026-09-27T14:00Z,11,21.69,22.45,23.13,17.6
2026-09-27 11:00,2026-09-27T15:00Z,11,23.14,23.91,24.25,18.9
2026-09-27 12:00,2026-09-27T16:00Z,11,24.39,25.07,25.17,20.0
2026-09-27 13:00,2026-09-27T17:00Z,11,25.29,25.77,25.89,20.6
2026-09-27 14:00,2026-09-27T18:00Z,11,25.55,25.93,26.2,20.5
2026-09-27 15:00,2026-09-27T19:00Z,11,25.43,25.57,26.2,20.0
2026-09-27 16:00,2026-09-27T20:00Z,11,24.97,24.77,25.96,19.2
2026-09-27 17:00,2026-09-27T21:00Z,11,24.14,23.69,25.27,18.3
2026-09-27 18:00,2026-09-27T22:00Z,11,22.96,22.5,23.89,17.4
2026-09-27 19:00,2026-09-27T23:00Z,11,21.79,21.36,22.35,16.7
2026-09-27 20:00,2026-09-28T00:00Z,11,20.92,20.37,21.54,16.0
2026-09-27 21:00,2026-09-28T01:00Z,11,20.17,19.58,20.94,15.4
2026-09-27 22:00,2026-09-28T02:00Z,11,19.51,18.97,20.57,14.7
2026-09-27 23:00,2026-09-28T03:00Z,11,18.86,18.48,20.17,14.0
2026-09-28 00:00,2026-09-28T04:00Z,12,18.6,18.06,19.83,13.5
2026-09-28 01:00,2026-09-28T05:00Z,12,18.13,17.64,19.43,13.1
2026-09-28 02:00,2026-09-28T06:00Z,12,17.74,17.24,19.12,12.7
2026-09-28 03:00,2026-09-28T07:00Z,12,17.38,16.89,18.86,12.3
2026-09-28 04:00,2026-09-28T08:00Z,12,17.13,16.7,18.74,12.0
2026-09-28 05:00,2026-09-28T09:00Z,12,16.86,16.77,18.49,11.8
2026-09-28 06:00,2026-09-28T10:00Z,12,16.8,17.2,18.3,12.0
2026-09-28 07:00,2026-09-28T11:00Z,12,17.24,18.02,18.7,12.6
2026-09-28 08:00,2026-09-28T12:00Z,12,18.45,19.23,20.02,13.8
2026-09-28 09:00,2026-09-28T13:00Z,12,20.04,20.7,21.45,15.6
2026-09-28 10:00,2026-09-28T14:00Z,12,21.79,22.27,22.84,17.7
2026-09-28 11:00,2026-09-28T15:00Z,12,23.4,23.73,23.91,19.8
2026-09-28 12:00,2026-09-28T16:00Z,12,24.77,24.89,24.82,21.5
2026-09-28 13:00,2026-09-28T17:00Z,12,25.69,25.59,25.46,22.4
2026-09-28 14:00,2026-09-28T18:00Z,12,26.09,25.75,25.87,22.5
2026-09-28 15:00,2026-09-28T19:00Z,12,25.99,25.38,25.89,21.9
2026-09-28 16:00,2026-09-28T20:00Z,12,25.55,24.58,25.67,21.0
2026-09-28 17:00,2026-09-28T21:00Z,12,24.68,23.5,24.92,19.9
2026-09-28 18:00,2026-09-28T22:00Z,12,23.41,22.31,23.51,18.8
2026-09-28 19:00,2026-09-28T23:00Z,12,22.18,21.17,22.02,18.0
2026-09-28 20:00,2026-09-29T00:00Z,12,21.33,20.19,21.22,17.3
2026-09-28 21:00,2026-09-29T01:00Z,12,20.59,19.4,20.63,16.6
2026-09-28 22:00,2026-09-29T02:00Z,12,19.98,18.79,20.28,16.0
2026-09-28 23:00,2026-09-29T03:00Z,12,19.38,18.31,19.85,15.4
2026-09-29 00:00,2026-09-29T04:00Z,13,19.12,17.88,19.48,14.8
2026-09-29 01:00,2026-09-29T05:00Z,13,18.7,17.47,19.09,14.5
2026-09-29 02:00,2026-09-29T06:00Z,13,18.31,17.06,18.76,14.1
2026-09-29 03:00,2026-09-29T07:00Z,13,17.91,16.72,18.39,13.7
2026-09-29 04:00,2026-09-29T08:00Z,13,17.73,16.52,18.29,13.5
2026-09-29 05:00,2026-09-29T09:00Z,13,17.52,16.59,18.07,13.4
2026-09-29 06:00,2026-09-29T10:00Z,13,17.4,17.02,17.89,13.5
2026-09-29 07:00,2026-09-29T11:00Z,13,17.77,17.85,18.28,14.0
2026-09-29 08:00,2026-09-29T12:00Z,13,18.93,19.05,19.62,14.9
2026-09-29 09:00,2026-09-29T13:00Z,13,20.4,20.52,21.1,16.5
2026-09-29 10:00,2026-09-29T14:00Z,13,21.95,22.09,22.56,18.2
2026-09-29 11:00,2026-09-29T15:00Z,13,23.34,23.55,23.65,20.0
2026-09-29 12:00,2026-09-29T16:00Z,13,24.49,24.7,24.57,21.3
2026-09-29 13:00,2026-09-29T17:00Z,13,25.32,25.4,25.23,22.1
2026-09-29 14:00,2026-09-29T18:00Z,13,25.67,25.56,25.58,22.1
2026-09-29 15:00,2026-09-29T19:00Z,13,25.63,25.19,25.6,21.6
2026-09-29 16:00,2026-09-29T20:00Z,13,25.29,24.39,25.4,20.8
2026-09-29 17:00,2026-09-29T21:00Z,13,24.44,23.31,24.57,19.8
2026-09-29 18:00,2026-09-29T22:00Z,13,23.13,22.13,23.07,18.8
2026-09-29 19:00,2026-09-29T23:00Z,13,21.89,20.99,21.61,18.1
2026-09-29 20:00,2026-09-30T00:00Z,13,21.07,20.0,20.78,17.5
2026-09-29 21:00,2026-09-30T01:00Z,13,20.42,19.21,20.22,17.0
2026-09-29 22:00,2026-09-30T02:00Z,13,19.92,18.61,19.88,16.5
2026-09-29 23:00,2026-09-30T03:00Z,13,19.42,18.12,19.46,16.1
2026-09-30 00:00,2026-09-30T04:00Z,14,19.59,17.7,19.1,15.7
2026-09-30 01:00,2026-09-30T05:00Z,14,19.12,17.29,18.62,15.4
2026-09-30 02:00,2026-09-30T06:00Z,14,18.8,16.89,18.33,15.1
2026-09-30 03:00,2026-09-30T07:00Z,14,18.42,16.54,17.93,14.8
2026-09-30 04:00,2026-09-30T08:00Z,14,18.23,16.35,17.78,14.6
2026-09-30 05:00,2026-09-30T09:00Z,14,17.99,16.42,17.53,14.5
2026-09-30 06:00,2026-09-30T10:00Z,14,17.84,16.84,17.36,14.6
2026-09-30 07:00,2026-09-30T11:00Z,14,18.02,17.67,17.73,15.0
2026-09-30 08:00,2026-09-30T12:00Z,14,19.28,18.87,19.21,15.7
2026-09-30 09:00,2026-09-30T13:00Z,14,20.71,20.34,20.78,16.9
2026-09-30 10:00,2026-09-30T14:00Z,14,22.18,21.9,22.3,18.3
2026-09-30 11:00,2026-09-30T15:00Z,14,23.41,23.36,23.47,19.6
2026-09-30 12:00,2026-09-30T16:00Z,14,24.44,24.52,24.41,20.7
2026-09-30 13:00,2026-09-30T17:00Z,14,25.21,25.21,25.08,21.4
2026-09-30 14:00,2026-09-30T18:00Z,14,25.61,25.37,25.42,21.5
2026-09-30 15:00,2026-09-30T19:00Z,14,25.67,25.0,25.47,21.2
2026-09-30 16:00,2026-09-30T20:00Z,14,25.46,24.2,25.24,20.7
2026-09-30 17:00,2026-09-30T21:00Z,14,24.71,23.12,24.39,20.1
2026-09-30 18:00,2026-09-30T22:00Z,14,23.28,21.94,22.7,19.5
2026-09-30 19:00,2026-09-30T23:00Z,14,21.67,20.8,21.19,19.1
2026-09-30 20:00,2026-10-01T00:00Z,14,20.88,19.81,20.38,18.7
2026-09-30 21:00,2026-10-01T01:00Z,14,20.17,19.03,19.73,18.2
2026-09-30 22:00,2026-10-01T02:00Z,14,19.78,18.42,19.47,17.8
2026-09-30 23:00,2026-10-01T03:00Z,14,19.36,17.94,19.14,17.4
