model,1,2,3,4,5,6,7,8,9,10,11,12,13,14
E1 average of M6 and M11,1.1,1.28,1.39,1.56,1.68,1.87,2.09,2.11,2.34,2.64,2.77,2.73,2.81,2.96
E2 average of M13 and M15,1.09,1.26,1.37,1.54,1.67,1.85,2.07,2.22,2.47,2.79,2.92,2.9,2.97,3.04
H1 persistence,2.05,2.79,3.16,3.34,3.48,3.42,3.48,3.67,3.81,3.87,3.94,3.91,3.81,3.68
H2 historical average,2.59,2.63,2.67,2.72,2.72,2.74,2.75,2.76,2.78,2.82,2.86,2.88,2.89,2.87
M1 LR/day: nwp_anomaly only,1.46,1.59,1.73,1.84,1.99,2.22,2.4,2.56,2.65,2.91,3.07,3.09,3.09,3.05
"M10 M9, recency-weighted (half-life 90 d)",1.08,1.22,1.36,1.52,1.63,1.94,2.22,2.36,2.51,2.89,2.94,2.81,2.84,2.95
"M11 M9, recency-weighted (half-life 180 d)",1.08,1.22,1.34,1.5,1.61,1.83,2.07,2.16,2.35,2.73,2.88,2.78,2.82,2.96
"M12 M9, last 365 days only",1.08,1.23,1.36,1.52,1.62,1.85,2.11,2.22,2.42,2.74,2.87,2.81,2.89,3.06
"M13 split: days 1-7 M11 features, days 8-14 M6 features (hl 180 d)",1.08,1.22,1.34,1.5,1.61,1.83,2.07,2.22,2.49,2.81,2.95,2.92,2.99,3.06
M14 M11 with historical-average base,1.08,1.22,1.34,1.5,1.61,1.82,2.05,2.14,2.31,2.66,2.81,2.71,2.76,2.92
M15 M6 with historical-average base (hl 180 d),1.14,1.35,1.46,1.64,1.78,1.97,2.19,2.21,2.46,2.78,2.9,2.88,2.96,3.03
M3 LR/day: core (+ hour terms),1.2,1.45,1.59,1.72,1.88,2.09,2.27,2.47,2.6,2.86,2.96,2.9,2.97,3.06
M4 LR/day: core + other NWP vars,1.2,1.44,1.59,1.72,1.89,2.11,2.27,2.46,2.62,2.88,2.97,2.93,3.0,3.06
M5 single LR x lead (core),1.23,1.4,1.54,1.68,1.86,2.04,2.23,2.42,2.56,2.86,3.05,3.06,3.04,3.05
M6 LR/day: core with lagged-ensemble NWP,1.18,1.42,1.55,1.71,1.85,2.03,2.24,2.26,2.53,2.83,2.94,2.93,2.98,3.06
M8 LR/day: lagged + bias 30d + nwp_anomaly,1.09,1.26,1.4,1.59,1.72,1.9,2.08,2.12,2.37,2.65,2.77,2.7,2.76,2.93
M9 LR/day: lagged + biases 14/30/60d,1.09,1.26,1.4,1.58,1.71,1.9,2.09,2.15,2.4,2.69,2.88,2.81,2.85,3.03
N0 raw ECMWF,1.16,1.24,1.36,1.46,1.61,1.92,2.15,2.39,2.53,2.96,3.32,3.29,3.47,3.59
N1 raw lagged-ensemble mean,1.09,1.2,1.3,1.46,1.58,1.83,2.07,2.11,2.36,2.78,3.05,3.11,3.17,3.33
"R1 climatology (calendar LR, 03)",2.62,2.67,2.72,2.74,2.76,2.79,2.82,2.83,2.85,2.89,2.93,2.94,2.95,2.93
R2 station-only LR (04 LR3),1.72,2.31,2.53,2.63,2.68,2.73,2.77,2.8,2.83,2.88,2.92,2.94,2.94,2.93
T1 random forest residual,1.5,1.56,1.64,1.76,1.89,2.11,2.3,2.66,2.96,3.26,3.51,3.49,3.47,3.48
T2 hist gradient boosting residual,1.69,1.71,1.72,1.79,1.87,2.04,2.18,2.52,2.76,3.13,3.42,3.36,3.34,3.32
